Player,Value
Ederson,20000000
Stefan Ortega,8000000
Marcus Bettinelli,600000
Scott Carson,100000
Josko Gvardiol,75000000
Rúben Dias,65000000
Abdukodir Khusanov,35000000
Vitor Reis,30000000
Manuel Akanji,28000000
John Stones,25000000
Nathan Aké,25000000
Jahmai Simpson-Pusey,5000000
Max Alleyne,500000
Rayan Aït-Nouri,35000000
Josh Wilson-Esbrand,4000000
Rico Lewis,40000000
Kyle Walker,4000000
Issa Kaboré,4000000
Rodri,110000000
Kalvin Phillips,12000000
Jacob Wright,800000
Tijjani Reijnders,60000000
Nico González,40000000
Matheus Nunes,35000000
Mateo Kovacic,20000000
Nico O'Reilly,18000000
İlkay Gündoğan,5000000
Bernardo Silva,38000000
Kevin de Bruyne,20000000
James McAtee,20000000
Claudio Echeverri,18000000
Jérémy Doku,50000000
Jack Grealish,28000000
Phil Foden,100000000
Savinho,50000000
Rayan Cherki,45000000
Oscar Bobb,25000000
Erling Haaland,180000000
Omar Marmoush,75000000
Divin Mubama,4000000
Robert Sánchez,20000000
Filip Jørgensen,18000000
Mike Penders,12000000
Gabriel Slonina,3500000
Lucas Bergström,700000
Levi Colwill,55000000
Renato Veiga,25000000
Trevoh Chalobah,25000000
Wesley Fofana,25000000
Axel Disasi,22000000
Benoît Badiashile,22000000
Tosin Adarabioyo,20000000
Mamadou Sarr,20000000
Aarón Anselmino,80000000
Harrison Murray-Campbell,500000
Marc Cucurella,35000000
Ben Chilwell,15000000
Ishé Samuels-Smith,700000
Malo Gusto,35000000
Reece James,30000000
Josh Acheampong,8000000
Genesis Antwi,350000
Moisés Caicedo,90000000
Roméo Lavia,40000000
Dário Essugo,20000000
Sam Rak-Sakyi,800000
Enzo Fernández,75000000
Andrey Santos,35000000
Kiernan Dewsbury-Hall,20000000
Carney Chukwuemeka,18000000
Cesare Casadei,15000000
Mathis Amougou,10000000
Cole Palmer,120000000
Harvey Vale,1500000
Omari Kellyman,1500000
Jadon Sancho,28000000
Tyrique George,10000000
Pedro Neto,50000000
Noni Madueke,40000000
João Félix,20000000
João Pedro,50000000
Nicolas Jackson,50000000
Liam Delap,40000000
Christopher Nkunku,35000000
Deivid Washington,8000000
Marc Guiu,8000000
David Datro Fofana,6000000
Shumaira Mheuka,800000
David Raya,40000000
Aaron Ramsdale,16000000
Neto,1500000
Jack Porter,400000
Alexéi Rojas,250000
William Saliba,80000000
Gabriel Magalhães,75000000
Jakub Kiwior,28000000
Takehiro Tomiyasu,18000000
Ayden Heaven,5000000
Zane Monlouis,400000
Maldini Kacurri,300000
Myles Lewis-Skelly,45000000
Riccardo Calafiori,35000000
Oleksandr Zinchenko,20000000
Kieran Tierney,9000000
Jurriën Timber,55000000
Ben White,45000000
Thomas Partey,14000000
Jorginho,6000000
Jack Henry-Francis,200000
Declan Rice,120000000
Mikel Merino,35000000
Martin Ødegaard,85000000
Ethan Nwaneri,55000000
Gabriel Martinelli,55000000
Leandro Trossard,22000000
Reiss Nelson,16000000
Bukayo Saka,150000000
Raheem Sterling,10000000
Kai Havertz,65000000
Gabriel Jesus,32000000
Eddie Nketiah,18000000
Alisson,20000000
Caoimhín Kelleher,20000000
Vitezslav Jaros,4000000
Harvey Davies,500000
Ibrahima Konaté,60000000
Virgil van Dijk,23000000
Joe Gomez,20000000
Jarell Quansah,20000000
Amara Nallo,1000000
Konstantinos Tsimikas,18000000
Andrew Robertson,18000000
James Norris,150000
Trent Alexander-Arnold,75000000
Conor Bradley,30000000
Ryan Gravenberch,75000000
Wataru Endo,8000000
Tyler Morton,7000000
Alexis Mac Allister,100000000
Curtis Jones,45000000
Trey Nyoni,4500000
James McConnell,2000000
Dominik Szoboszlai,80000000
Harvey Elliott,30000000
Luis Díaz,70000000
Cody Gakpo,70000000
Diogo Jota,40000000
Mohamed Salah,50000000
Federico Chiesa,14000000
Darwin Núñez,45000000
Jayden Danns,800000
André Onana,25000000
Altay Bayindir,8000000
Tom Heaton,200000
Leny Yoro,55000000
Lisandro Martínez,40000000
Matthijs de Ligt,38000000
Harry Maguire,13000000
Victor Lindelöf,8000000
Tyler Fredricson,3000000
Jonny Evans,1000000
Patrick Dorgu,25000000
Luke Shaw,12000000
Tyrell Malacia,8000000
Harry Amass,5000000
Diogo Dalot,30000000
Noussair Mazraoui,25000000
Manuel Ugarte,45000000
Casemiro,10000000
Toby Collyer,5000000
Scott McTominay,50000000
Kobbie Mainoo,50000000
Daniel Gore,800000
Bruno Fernandes,50000000
Mason Mount,28000000
Christian Eriksen,4000000
Marcus Rashford,50000000
Alejandro Garnacho,45000000
Amad Diallo,45000000
Antony,35000000
Facundo Pellistri,8000000
Rasmus Højlund,35000000
Joshua Zirkzee,30000000
Chido Obi,5000000
Guglielmo Vicario,32000000
Antonín Kinský,15000000
Fraser Forster,1000000
Brandon Austin,600000
Alfie Whiteman,500000
Cristian Romero,50000000
Micky van de Ven,50000000
Kevin Danso,25000000
Radu Drăgușin,25000000
Ben Davies,6000000
Alfie Dorrington,700000
Destiny Udogie,40000000
Djed Spence,20000000
Sergio Reguilón,6000000
Archie Gray,38000000
Pedro Porro,38000000
Rodrigo Bentancur,30000000
Yves Bissouma,25000000
Lucas Bergvall,38000000
Pape Matar Sarr,32000000
Callum Olusesi,500000
Dejan Kulusevski,50000000
James Maddison,42000000
Alfie Devine,3500000
Heung-min Son,20000000
Wilson Odobert,20000000
Mikey Moore,18000000
Timo Werner,7000000
Brennan Johnson,40000000
Min-hyeok Yang,3500000
Dominic Solanke,40000000
Mathys Tel,35000000
Richarlison,20000000
Will Lankshear,3000000
Dane Scarlett,2000000
Emiliano Martínez,20000000
Joe Gauci,1500000
Robin Olsen,1000000
Oliwier Zych,800000
Ezri Konsa,35000000
Pau Torres,32000000
Diego Carlos,22000000
Lamare Bogarde,9500000
Tyrone Mings,6000000
Kortney Hause,5000000
Sil Swinkels,1000000
Ian Maatsen,150000
Lucas Digne,28000000
Matty Cash,10000000
Kosta Nedeljkovic,10000000
Andrés García,7000000
Amadou Onana,50000000
Boubacar Kamara,40000000
Youri Tielemans,38000000
Jacob Ramsey,32000000
John McGinn,16000000
Ross Barkley,6000000
Morgan Rogers,55000000
Marco Asensio,20000000
Emiliano Buendía,15000000
Jaden Philogene,50000000
Kadan Young,300000
Leon Bailey,28000000
Donyell Malen,25000000
Ollie Watkins,40000000
Jhon Durán,35000000
Nick Pope,8000000
Odysseas Vlachodimos,5000000
Martín Dúbravka,1000000
Mark Gillespie,200000
John Ruddy,150000
Sven Botman,42000000
Lloyd Kelly,16000000
Fabian Schär,7000000
Dan Burn,6000000
Jamaal Lascelles,4000000
Lewis Hall,32000000
Matt Targett,5000000
Jamal Lewis,2500000
Alex Murphy,300000
Tino Livramento,40000000
Kieran Trippier,4000000
Emil Krafth,2000000
Harrison Ashby,1400000
Bruno Guimarães,80000000
Isaac Hayden,700000
Sandro Tonali,60000000
Joelinton,35000000
Joe Willock,22000000
Lewis Miley,22000000
Sean Longstaff,20000000
Joe White,275000
Anthony Gordon,65000000
Harvey Barnes,35000000
Jacob Murphy,16000000
Miguel Almirón,10000000
Alexander Isak,120000000
Callum Wilson,8000000
William Osula,7000000
Bart Verbruggen,30000000
Carl Rushworth,3000000
Jason Steele,1500000
Tom McGrill,600000
Killian Cahill,150000
Jan Paul van Hecke,32000000
Igor Julio,20000000
Adam Webster,11000000
Eiran Cashin,8000000
Lewis Dunk,6000000
Ruairi McConville,1800000
Ed Turns,350000
Pervis Estupiñán,30000000
Ferdi Kadıoğlu,25000000
Jacob Slater,200000
Imari Samuels,100000
Tariq Lamptey,11000000
Joël Veltman,4000000
Odeluga Offiah,600000
Charlie Tasker,200000
Carlos Baleba,40000000
Mats Wieffer,25000000
Jack Hinshelwood,24000000
Billy Gilmour,20000000
Yasin Ayari,22000000
Matt O'Riley,22000000
Malick Yalcouyé,17000000
Diego Gómez,14000000
Jakub Moder,12000000
Valentín Barco,12000000
James Milner,1000000
Jensen Weir,350000
Julio Enciso,22000000
Kaoru Mitoma,40000000
Simon Adingra,28000000
Jeremy Sarmiento,7000000
Cameron Peupion,225000
Yankuba Minteh,30000000
Brajan Gruda,25000000
Solly March,6000000
Amario Cozier-Duberry,2000000
Georginio Rutter,32000000
Evan Ferguson,25000000
Danny Welbeck,5000000
Mark O'Mahony,500000
Dean Henderson,20000000
Sam Johnstone,6000000
Matt Turner,2500000
Joe Whitworth,1700000
Remi Matthews,400000
Mac Guéhi,45000000
Joachim Andersen,27000000
Maxence Lacroix,25000000
Chadi Riad,15000000
Chris Richards,14000000
Rob Holding,3500000
Tyrick Mitchell,25000000
Daniel Muñoz,25000000
Nathaniel Clyne,1000000
Caleb Kporha,1000000
Joel Ward,500000
Adam Wharton,45000000
Cheick Doucouré,25000000
Jefferson Lerma,10000000
David Ozoh,700000
Kaden Rodney,200000
Will Hughes,7000000
Naouirou Ahamada,3500000
Jeffrey Schlupp,3000000
Eberechi Eze,55000000
Daichi Kamada,12000000
Matheus França,10000000
Justin Devenny,6000000
Asher Agbinone,75000
Ismaïla Sarr,25000000
Roamin Esse,12000000
Malcolm Ebiowei,1200000
Jean-Philippe Mateta,30000000
Odsonne Édouard,8000000
Jordan Ayew,2500000
Kepa Arrizabalaga,10000000
Mark Travers,4000000
Callan McKenna,600000
Will Dennis,350000
Dean Huijsen,60000000
Ilya Zabarnyi,42000000
Marcos Senesi,22000000
Chris Mepham,6000000
James Hill,3000000
Matai Akinmboni,1000000
Milos Kerkez,45000000
Julio Soler,8000000
Archie Harris,100000
Julián Araujo,10000000
Max Aarons,6000000
Adam Smith,750000
Tyler Adams,18000000
Ben Winterburn,500000
Alex Scott,20000000
Lewis Cook,15000000
Philip Billiing,10000000
Ryan Christie,10000000
Marcus Tavernier,18000000
Justin Kluivert,35000000
Dango Ouattara,28000000
Hamed Traoré,20000000
Luis Sinisterra,15000000
Jaidon Anthony,9000000
Zain Silcott-Duberry,200000
Antoine Semenyo,40000000
David Brooks,10000000
Dominic Sadi,150000
Evanilson,35000000
Enes Ünal,10000000
Daniel Jebbison,4000000
Remy Rees-Dottin,300000
Daniel Adu-Adjei,150000
Matz Sels,7000000
Carlos Miguel,4000000
Wayne Hennessey,150000
Murillo,55000000
Nikola Milenković,35000000
Morato,14000000
Andrew Omobamidele,8000000
Willy Boly,1500000
Tyler Bindon,1200000
Zach Abbott,300000
Neco Williams,20000000
Álex Moreno,7000000
Harry Toffolo,3000000
Ola Aina,22000000
Eric da Silva Moreira,1000000
Danilo,28000000
Ibrahim Sangaré,24000000
Ben Perry,150000
Elliot Anderson,32000000
Nicolás Domínguez,18000000
Ryan Yates,12000000
James Ward-Prowse,8000000
Lewis O'Brien,4000000
Morgan Gibbs-White,50000000
Callum Hudson-Odoi,25000000
Ramón Sosa,12000000
Anthony Elanga,42000000
Jota Silva,15000000
Josh Bowler,1000000
Taiwo Awomiyi,16000000
Chris Wood,10000000
Emmanuel Dennis,2500000
José Sá,7000000
Daniel Bentley,1500000
Tom King,200000
Toti,28000000
Emmanuel Agbadou,20000000
Santiago Bueno,10000000
Nasser Djiga,10000000
Yerson Mosquera,8000000
Bastien Meupiyou,2500000
Craig Dawson,1500000
Alfie Pond,250000
Nélson Semedo,9000000
Pedro Lima,5000000
Matt Doherty,2000000
André,28000000
Mario Lemina,7500000
Boubacar Traoré,5000000
Joe Hodge,1000000
João Gomes,40000000
Jean-Ricner Bellegarde,18000000
Marshall Munetsi,15000000
Tommy Doyle,10000000
Luke Cundle,3200000
Rodrigo Gomes,15000000
Chem Campbell,900000
Tawanda Chirewa,500000
Gonçalo Guedes,11000000
Carlos Forbs,8000000
Daniel Podence,5500000
Enso González,4000000
Chiquinho,2000000
Pablo Sarabia,5000000
Matheus Cunha,60000000
Jørgen Strand Larsen,30000000
Hee-chan Hwang,12000000
Sasa Kalajdzic,4000000
Leon Chiwome,700000
Nathan Fraser,600000
Mateus Mané,200000
Mark Flekken,10000000
Hákon Valdimarsson,2500000
Matthew Cox,800000
Nathan Collins,28000000
Sepp van den Berg,22000000
Kristoffer Ajer,18000000
Ethan Pinnock,7000000
Ben Mee,700000
Ji-soo Kim,600000
Benjamin Fredrick,150000
Rico Henry,15000000
Jayden Meghoma,500000
Michael Kayode,18000000
Aaron Hickey,10000000
Mads Roerslev,6000000
Vitaly Janelt,20000000
Christian Nørgaard,11000000
Yunus Konak,4500000
Yegor Yarmolyuk,15000000
Mathias Jensen,14000000
Frank Onyeka,7000000
Josh Dasilva,5000000
Paris Maghoma,800000
Ryan Trevitt,275000
Mikkel Damsgaard,28000000
Fábio Carvalho,14000000
Myles Peart-Harris,900000
Kevin Schade,30000000
Keane Lewis-Potter,23000000
Gustavo Nunes,10000000
Tony Yogane,125000
Bryan Mbeumo,55000000
Yoane Wissa,32000000
Igor Thiago,18000000
Alphoense Areola,9000000
Wes Foderingham,600000
Lukasz Fabianski,500000
Jean-Clair Todibo,25000000
Maximilian Kilman,25000000
Konstantinos Mavropanos,17000000
Kaelan Casey,1000000
Emerson,10000000
Oliver Scarles,8000000
Aaron Cresswell,500000
Aaron Wan-Bissaka,24000000
Vladimír Coufal,5000000
Edson Álvarez,25000000
Tomáš Souček,18000000
Guido Rodríguez,10000000
Carlos Soler,18000000
Andrew Irving,4000000
Lewis Orford,400000
Lucas Paquetá,28000000
Crysencio Summerville,22000000
Mohammed Kudus,45000000
Jarrod Bowen,40000000
Luis Guilherme,15000000
Niclas Füllkrug,10000000
Danny Ings,6000000
Michail Antonio,700000
Jordan Pickford,18000000
João Virgínia,800000
Asmir Begovic,250000
Zan Luk Leban,150000
Jarrad Branthwaite,50000000
Jake O'Brien,18000000
James Tarkwoski,9000000
Michael Keane,5000000
Mason Holgate,4000000
Reece Welch,350000
Vitaliy Mykolenko,28000000
Nathan Patterson,15000000
Ashley Young,500000
Séarmus Coleman,500000
Roman Dixon,200000
Orel Mangala,18000000
James Garner,18000000
Idrissa Gueye,1500000
Carlos Alcaraz,14000000
Tim Iroegbunam,9000000
Harrison Armstrong,800000
Jenson Metcalfe,175000
Abdoulaye Doucouré,7000000
Dwight McNeil,25000000
Jack Harrison,14000000
Iliman Ndiaye,22000000
Jesper Lindstrøm,18000000
Beto,22000000
Dominic Calvert-Lewin,16000000
Armando Broja,12000000
Neal Maupay,8000000
Youssef Chermiti,8000000
Bernd Leno,10000000
Steven Benda,1000000
Calvin Bassey,25000000
Issa Diop,14000000
Jorge Cuenca,5000000
Antonee Robinson,35000000
Ryan Sessegnon,15000000
Kenny Tete,13000000
Timothy Castagne,13000000
Sander Berge,25000000
Saša Lukić,14000000
Harrison Reed,6000000
Tom Cairney,1500000
Josh King,1000000
Emile Smith Rowe,30000000
Andreas Pereira,18000000
Alex Iwobi,28000000
Willian,750000
Martial Godo,600000
Harry Wilson,15000000
Adama Traoré,9000000
Rodrigo Muniz,20000000
Jay Stansfield,11000000
Raúl Jiménez,5000000
Carlos Vinícius,3500000
Gavin Bazunu,9000000
Joe Lumley,500000
Alex McCarthy,350000
Taylor Harwood-Bellis,22000000
Jan Bednarek,9000000
Armel Bella-Kotchap,9000000
Ronnie Edwards,3800000
Nathan Wood,3500000
Jack Stephens,1500000
Joachim Kayi Sanda,1500000
Juan Larios,3500000
Ryan Manning,3000000
Welington,3000000
Charlie Taylor,2200000
Kyle Walker-Peters,15000000
Yukinari Sugawara,11000000
James Bree,2500000
Lesley Ugochukwu,18000000
Flynn Downes,13000000
Shea Charles,10000000
Mateus Fernandes,15000000
Joe Aribo,6000000
Will Smallbone,6000000
Joe O'Brien-Whitmarsh,300000
Romeo Akachukwu,150000
Albert Grønbæk,11000000
Adam Lallana,750000
Kamaldeen Sulemana,13000000
Maxwel Cornet,8000000
Samuel Edozie,6000000
Ryan Fraser,2000000
Tyler Dibling,25000000
Samuel Amo-Ameyaw,4000000
Adam Armstrong,12000000
Cameron Archer,12000000
Ben Brereton Díaz,7500000
Paul Onuachu,6000000
Ross Stewart,4000000
Arijanet Murić,5000000
Christian Walton,1000000
Alex Palmer,1000000
Cieran Slicker,300000
Jacob Greaves,18000000
Dara O'Shea,14000000
Ben Godfrey,6000000
Luke Woolfenden,2000000
Cameron Burgess,2000000
George Edmundson,800000
Leif Davis,22000000
Conor Townsend,800000
Ben Johnson,8000000
Axel Tuanzebe,5000000
Harry Clarke,4500000
Jens Cajuste,12000000
Jack Taylor,3000000
Sam Morsy,500000
Massimo Luongo,400000
Wes Burns,2000000
Omari Hutchinson,22000000
Sammie Szmodics,10000000
Marcus Harness,800000
Jaden Philogene,16000000
Jack Clarke,15000000
Nathan Broadhead,4500000
Chiedozie Ogbene,7000000
Conor Chaplin,6000000
George Hirst,4000000
Ali Al-Hamadi,2500000
Mads Hermansen,15000000
Daniel Iversen,2500000
Danny Ward,1200000
Jakub Stolarczyk,1000000
Wout Faes,15000000
Caleb Okoli,10000000
Harry Souttar,6000000
Conor Coady,2200000
Jannik Vestergaard,2000000
Ben Nelson,500000
Victor Kristiansen,15000000
Luke Thomas,6000000
James Justin,13000000
Ricardo Pereira,4500000
Woyo Coulibaly,2000000
Wilfred Ndidi,15000000
Boubakary Soumaré,12000000
Oliver Skipp,10000000
Hamza Choudhury,4500000
Sammy Braybrooke,300000
Harry Winks,9000000
Michael Golding,2000000
Bilal El Khannouss,28000000
Facundo Buonanotte,20000000
Will Alves,400000
Stephy Mavididi,10000000
Issahaku Fatawu,11000000
Booby de Cordova-Reid,2500000
Ksey McAteer,2000000
Jake Evans,150000
Tom Cannon,10000000
Patson Daka,9000000
Jamie Vardy,1000000
Chris Popov,100000
Thibaut Courtois,20000000
Andriy Lunin,18000000
Fran González,400000
Sergio Mestre,50000
Raúl Asencio,40000000
Éder Militão,30000000
Antonio Rüdiger,20000000
David Alaba,6000000
Jacobo Ramón,1000000
Diego Aguado,1000000
Jesús Vallejo,1000000
Víctor Valdepeñas,500000
Mario Rivas,300000
Fran García,18000000
Ferland Mendy,14000000
Youssef Enríquez,500000
Daniel Carvajal,8000000
Lucas Vázquez,3000000
David Jiménez,400000
Jesús Fortea,200000
Lorenzo Aguado,100000
Aurélien Tchouaméni,75000000
Mario Martín,1500000
Federico Valverde,130000000
Eduardo Camavinga,60000000
Dani Ceballos,10000000
Luka Modrić,4000000
Chema Andrés,800000
Jude Bellingham,180000000
Arda Güler,45000000
Pol Fortuny,400000
Vinicius Junior,170000000
Víctor Muñoz,1000000
Hugo de Llanos,200000
Rodrygo,90000000
Bahim Díaz,40000000
Daniel Yáñez,150000
Kylian Mbappé,180000000
Endrick,35000000
Gonzalo García,8000000
Marc-André ter Stegen,12000000
Iñaki Peña,8000000
Wolciech Szczesny,1000000
Ander Astralaga,800000
Diego Kochen,500000
Áron Yaakobishvili,300000
Pau Cubarsí,80000000
Ronald Araujo,35000000
Eric García,18000000
Andreas Christensen,12000000
Iñigo Martínez,5000000
Sergi Domínguez,1000000
Alexis Olmedo,200000
Andrés Cuenca,200000
Álvaro Cortés,150000
Alejandro Balde,60000000
Gerard Martín,12000000
Álex Valle,6000000
Jules Koundé,65000000
Héctor Fort,10000000
Landry Farré,300000
Marc Casadó,30000000
Marc Bernal,5000000
Pedri,140000000
Gavi,60000000
Frenkie de Jong,45000000
Guille Fernández,3000000
Dani Olmo,60000000
Fermín López,50000000
Pablo Torre,6000000
Noah Darvich,2000000
Raphinha,90000000
Ansu Fati,5000000
Dani Rodríguez,200000
Lamine Yamal,200000000
Toni Fernández,3000000
Ferran Torres,40000000
Robert Lewandowski,12000000
Pau Víctor,4000000
Jan Oblak,20000000
Juan Musso,3500000
Horațiu Moldovan,2200000
Alejandro Iturbe,2000000
Antonio Gomis,150000
Robin Le Normand,40000000
José María Giménez,20000000
Clément Lenglet,7500000
Santiago Mouriño,3000000
Axel Witsel,2000000
César Azpilicueta,1500000
Ilias Kostis,500000
Gerónimo Spina,200000
Reinildo Mandava,5000000
Javi Galán,4000000
Marcos Llorente,25000000
Nahuel Molina,20000000
Carlos Giménez,250000
Arthur Vermeeren,22000000
Pablo Barrios,55000000
Conor Gallagher,40000000
Rodrigo De Paul,25000000
Koke,8000000
Javi Serrano,700000
Aitor Gismera,250000
Thomas Lemar,5000000
Samuel Lino,22000000
Rodrigo Riquelme,12000000
Carlos Martín,2800000
Rayane Belaid,600000
Giuliano Simeone,35000000
Ángel Correa,10000000
Germán Valera,1500000
Víctor Mollejo,300000
Antoine Griezmann,18000000
Julián Alvarez,100000000
Alexander Sørloth,25000000
Omar Janneh,1000000
Andrián Niño,800000
Borja Garcés,300000
Unai Simón,28000000
Julen Agirrezabala,15000000
Álex Padilla,3000000
Oier Gastesi,150000
Dani Vivian,40000000
Aitor Paredes,22000000
Yeray Álvarez,7000000
Unai Núñez,3000000
Unai Egiluz,600000
Aimar Duñabeitia,150000
Ander Izagirre,50000
Adama Boiro,2500000
Yuri Berchiche,1400000
Andoni Gorosabel,5000000
Iñigo Lekue,2000000
Óscar de Marcos,1500000
Mikel Vega,2500000
Mikel Jauregizar,30000000
Beñat Prados,18000000
Iñigo Ruiz de Galarreta,3000000
Andert Herrera,800000
Alejandro Rego,300000
Oihan Sancet,60000000
Unai Gómez,6000000
Preio Canales,1000000
Nico Williams,70000000
Álex Berenguer,9000000
Álvaro Djaló,5000000
Nico Serrano,1200000
Iker Varela,300000
Iñaki Williams,15000000
Adu Ares,1600000
Aingeru Olabarrieta,500000
Endika Buján,300000
Maroan Sannadi,10000000
Gorka Guruzeta,9000000
Javi Martón,500000
Álex Remiro,18000000
Unai Marrero,600000
Aitor Fraga,500000
Egoitz Arana,50000
Nayef Aguerd,18000000
Igor Zubeldia,12000000
Jon Martín,8000000
Jon Pacheco,6000000
Aritz Elustondo,3000000
Luken Beitia,300000
Sergio Gómez,20000000
Javi López,7500000
Aihen Muñoz,4000000
Jon Balda,300000
Jon Aramburu,15000000
Hamari Traoré,2000000
Álvaro Odriozola,1000000
Iñaki Rupérez,300000
Martín Zubimendi,60000000
Urko González de Zárate,5000000
Luka Sucic,15000000
Beñat Turrientes,10000000
Jon Ander Olasagasti,4000000
Mikel Rodriguez,250000
Brais Méndez,22000000
Arsen Zakharyan,9000000
Pablo Marín,8000000
Jon Magunazelaia,600000
Mikel Goti,400000
Ander Barrenetxea,15000000
Sheraldo Becker,2500000
Arkaitz Mariezkurrena,700000
Alex Marchal,500000
Takefusa Kubo,30000000
Dani Díaz,300000
Mikel Oyarzabal,25000000
Orri Óskarsson,15000000
Umar Sadiq,5000000
Ekain Orobengoa,250000
Rui Silva,7000000
Fran Vieites,2000000
Adrián,500000
Guilherme Fernandes,150000
Germán García,50000
Natan,9000000
Diego Llorente,6000000
Nobel Mendy,4000000
Marc Batra,1000000
Sergio Arribas,400000
Rudy Kohon,400000
Romain Perraud,5000000
Ricardo Rodríguez,2000000
Lucas Alcázar,300000
Xavi Pleguezuelo,100000
Ángel Ortiz,2500000
Héctor Bellerín,2000000
Youssouf Sabaly,1800000
Pablo Busto,300000
Marc Roca,6000000
William Carvalho,1500000
Carlos Guirao,300000
Johnny Cardoso,25000000
Sergi Altimira,15000000
Pablo Fornals,6000000
Mateo Flores,1000000
Giovani Lo Celso,15000000
Nabik Fekir,7000000
Isco,6000000
Dani Pérez,500000
Carlos Reina,300000
Assane Diao,30000000
Jesús Rodríguez,30000000
Abde Ezzalzouli,12000000
Juanmi,2000000
Pablo García,5000000
Aitor Ruibal,3500000
Rodri Sánchez,2700000
Iker Losada,1500000
Vitor Roque,20000000
Cucho Hernández,18000000
Chimy Ávila,2000000
Cédric Bakambu,1500000
Marcos Fernández,400000
Luiz Júnior,10000000
Diego Conde,7500000
Iker Álvarez,800000
Rubén Gómez,100000
Logan Costa,18000000
Juan Foyth,15000000
Willy Kambwala,4000000
Pau Navarro,3000000
Eric Bailly,2000000
Raúl Albiol,1000000
Antonio Espigares,500000
Jean Ives Valou,200000
Sergi Cardona,10000000
Alfonso Pedraza,2500000
Juan Bernat,2000000
Arnau Solà,400000
Kiko Femenía,900000
Pape Gueye,15000000
Santi Comesaña,8000000
Ramón Terrats,4000000
Dani Parejo,1500000
Dani Requena,400000
Thiago Ojeda,250000
Alassane Diatta,200000
Denis Suárez,1200000
Álex Baena,55000000
Arnaut Danjuma,4000000
Yéremy Pino,30000000
Ilias Akhomach,15000000
Tajon Buchana,6000000
Nicolas Pépé,6000000
Thierno Barry,20000000
Ayoze Pérez,10000000
Karl Etta Eyong,5000000
Gerard Moreno,4000000
Pau Cabanes,800000
Giorgi Mamardashvili,30000000
Stole Dimitrievski,2500000
Jaume Doménech,400000
Vicent Abril,200000
Christian Mosquera,30000000
César Tárrega,10000000
Yarek Gasiorowski,7500000
Mouctar Diakhaby,2000000
Cenk Özkacar,1200000
Maximiliano Caufriez,1000000
Rubén Iranzo,300000
Álex Serradell,150000
Iker Córdoba,100000
José Gayà,9000000
Jesús Vázquez,3000000
Ro Abajas,100000
Thierry Correia,3000000
Dimitri Foulquier,1500000
Enzo Barrenechea,10000000
Pepelu,9000000
Hugo Guillamón,2500000
Javi Guerra,25000000
Pedro Alemañ,200000
Lucas Núñez,25000
André Almeida,10000000
Iván Jaime,5000000
Martín Tejón,500000
Luis Rioja,2000000
Sergi Canós,1000000
Pablo López,50000
Diego López,15000000
Fran Pérez,3000000
David Otorbi,500000
Hamza Bellari,100000
Ismael Santana,25000
Hugo Duro,14000000
Dani Gómez,1000000
Alberto Marí,1000000
Rafa Mir,800000
Warren Madrigal,400000
Álvaro Fernández,2000000
Ørjan Nyland,900000
Alberto Flores,300000
Matías Árbol,100000
Loïc Badé,25000000
Kike Salas,8000000
Marcão,2000000
Tanguy Nianzou,1500000
Ramón Martínez,1000000
Andrés Castrín,250000
Adrià Pedrosa,7000000
Diego Hormigo,300000
Oso,200000
José Ángel Carmona,12000000
Juanlu Sánchez,12000000
Gonzalo Montiel,5000000
Darío Benavides,300000
Lucien Agoumé,8000000
Nemanja Gudelj,3000000
Albert Sambi Lokonga,8000000
Djibril Sow,7500000
Saúl Ñíguez,3000000
Manu Bueno,1500000
Pedro Ortiz,600000
Pablo Rivera,200000
Alberto Collado,200000
Lulo Dasilva,150000
Stanis Idumbo,2500000
Rubén Vargas,7000000
Lucas Ocampos,6000000
Chidera Ejuke,4000000
Isra Domínguez,200000
Dodi Lukébakio,20000000
Suso,1500000
Peque Fernández,3500000
Isaac Romero,6000000
Akor Adams,5000000
Kelechi Iheanacho,4500000
García Pascual,1000000
Mateo Mejía,400000
Leandro Antonetti,300000
Pau López,2500000
Paulo Gazzaniga,2500000
Vladyslav Krapyvtsov,200000
Juan Carlos,100000
Ladislav Krejci,12000000
Daley Blind,1500000
David López,1000000
Juanpe,600000
Miguel Gutiérrez,20000000
Arnau Martínez,10000000
Alejandro Francés,2000000
Arthur Melo,5000000
Oriol Romeu,1200000
Selvi Clua,300000
Yangel Herrera,15000000
Donny van de Beek,5000000
Jhon Solís,2500000
Iván Martín,6000000
Gabriel Misehouy,1000000
Bryan Gil,15000000
Joel Roca,1000000
Toni Villa,800000
Min-su Kim,300000
Viktor Tsygankov,18000000
Yáser Asprilla,15000000
Portu,1800000
Iker Almena,1300000
Abel Ruiz,4000000
Bojan Miovski,2500000
Christian Stuani,1000000
Iván Villar,900000
Vicente Guaita,700000
Marc Vídal,300000
Coke Carrillo,200000
César Fernández,200000
Javi Rodríguez,15000000
Carl Starfelt,6000000
Carlos Domínguez,3000000
Joseph Aidoo,1200000
Yoel Lago,1000000
Marcos Alonso,1500000
Mihailo Ristic,900000
Tincho Conde,300000
Óscar Mingueza,20000000
Sergio Carreira,4000000
Javier Manquillo,1000000
Damián Rodríguez,3000000
Jailson,1000000
Fran Beltrán,8000000
Ilaix Moriba,6000000
Hugo Sotelo,4000000
Leca de la Torre,2000000
Miguel Román,400000
Fer López,5000000
Hugo Álvarez,7500000
Alfon Gonzáles,5000000
Williot Swedberg,5000000
Jonathan Bamba,3500000
Franco Cervi,800000
Tadeo Allende,2000000
Jones El-Abdellaoui,1500000
Anastasios Douvikas,10000000
Pablo Durán,3500000
Borja Iglesias,3000000
Iago Aspas,2000000
Dinko Horkas,1200000
Jasper Cillessen,800000
Mika Mármol,10000000
Scott McKenna,4000000
Juanma Herzog,2500000
Andy Pelmard,2000000
Álex Suárez,1000000
Álex Muñoz,1000000
Daley Sinkgraven,600000
Viti Rozada,2000000
Marvin Park,1200000
Valentín Pezzolesi,100000
Stefan Bajcetic,9000000
Javi Muñoz,2000000
Enzo Loiodice,1200000
José Campaña,900000
Fabio González,500000
Aboubacar Bassinga,100000
Kirian Rodríguez,1000000
Iván Gil,800000
Alberto Moleiro,25000000
Benito Ramírez,700000
Manu Fuster,1500000
Adnan Januzaj,1200000
Pejiño,800000
Fábio Silva,20000000
Oli McBurnie,2500000
Sandro Ramírez,2500000
Marc Cardona,800000
Jaime Mata,400000
Joan García,25000000
Fernando Pacheco,800000
Ángel Fortuño,300000
Pol Tristán,100000
Llorenç Serred,25000
Marash Kumbulla,7500000
Fernando Calero,1500000
Leandro Cabrera,1000000
Sergi Gómez,600000
José Luis Català,150000
Pablo Ramón,100000
Roger Hinojo,50000
Carlos Romero,5000000
Brian Oliván,1800000
Omar El Hilali,15000000
Álvaro Tejero,1800000
José Ángel López,150000
Alex Král,6000000
Pol Lozano,5000000
Edu Expósito,3000000
José Gragera,2000000
Álvaro Aguado,1800000
Justin Smith,300000
Rafel Bauzà,200000
Javi Puado,10000000
Naci Ünüvar,2000000
Pere Milla,1200000
Alex Almansa,200000
Jofre Carreras,3000000
Antoniu Roca,1800000
Salvi Sánchez,600000
Roberto Fernández,6000000
Irvin Cardona,2500000
Alejo Veliz,2500000
Walid Cheddira,2500000
Omar Sadik,500000
Sergio Herrera,3000000
Aitor Fernández,700000
Pablo Valencia,200000
Dimitrios Stamatakis,200000
Rafa Fernández,25000
Enzo Boyomo,20000000
Jorge Herrando,4000000
Alejandro Catena,3000000
Unai García,800000
Ismael Sierra,200000
Abel Bretones,4000000
Juan Cruz,1500000
Jesús Areso,12000000
Nacho Vidal,1800000
Rubén Peña,1200000
Iñigo Arguibide,200000
Lucas Torró,3000000
Iker Muñoz,3000000
Jon Moncayola,7000000
Pablo Ibáñez,2000000
Aimar Oroz,15000000
Javi Martínez,800000
Asier Osambela,500000
Jon García,300000
Bryan Zaragoza,12000000
Moi Gómez,2000000
José Manuel Arnáiz,1500000
Rubén García,2000000
Iker Benito,1500000
Kike Barja,1500000
Ante Budimir,5000000
Raúl García,3000000
Sixtus Ogbuehi,200000
Carlos Lumbreras,150000
Antonio Sivera,6000000
Jesús Owono,900000
Adrián Rodríguez,200000
Grégoire Swiderski,150000
Abdel Adqar,7500000
Facundo Garcés,2000000
Moussa Diarra,1800000
Adrián Pica,1200000
Aleksandar Sedlar,300000
Manu Sánchez,6000000
Eneko Ortiz,150000
Nahuel Tenaglia,3000000
Hugo Novoa,1500000
Egoitz Muñoz,200000
Alejandro Jay,150000
Antonio Blanco,10000000
Carlos Protesoni,1200000
Ander Guevera,3500000
Jon Guridi,3000000
Carles Aleñá,2500000
Joan Jordán,2500000
Daouda Doumbia,200000
Lander Pinillos,150000
Tomás Conechny,1800000
Abde Rebbach,700000
Carlos Vicente,10000000
Luka Romero,4000000
Julen Lartitegi,50000
Stoichkov,1500000
Joaquín Panichelli,7000000
Toni Martínez,2500000
Asier Villalibre,1200000
Kike García,900000
David Soria,3000000
Jiri Letacek,2000000
Jorge Benito,25000
Omar Alderete,8000000
Dakonam Djené,1800000
Juan Berrocal,1500000
Domingos Duarte,800000
Nabil Aberdin,700000
Luca Lohr,150000
Guillem Trilla,25000
Diego Rico,1200000
David Argüelles,100000
Groka Rivera,100000
Juan Iglesias,3500000
Allan Nyom,300000
Ismael Bekhoucha,300000
Mauro Arambarri,12000000
Luis Milla,3500000
Carlos Aleñá,2500000
John Patrick,1200000
Yellu Santiago,900000
Alberto Risco,200000
Coba da Costa,3000000
Abdoulaye Keita,200000
Álex Sola,2500000
Carles Pérez,2000000
Peter Federico,1200000
Christantus Uche,15000000
Borja Mayoral,7500000
Álvaro Rodríguez,2500000
Bertuğ Yıldırım,2000000
Dominik Greif,6000000
Leo Román,5000000
Iván Cuéllar,100000
Pere García,50000
Matin Valjent,6000000
José Copete,3000000
Siebe Van der Heyden,2500000
Antonio Raíllo,1800000
David López,500000
Sebas Wade,25000
Johan Mojica,2000000
Toni Lato,1800000
Pablo Maffeo,5000000
Mateu Morey,800000
Samú Costa,15000000
Omar Mascarell,900000
Sergi Darder,4000000
Manu Morlanes,2500000
Antonio Sánchez,2500000
Jan Salas,100000
Dani Rodríguez,800000
Daniel Luna,500000
Javi Llabrés,800000
Robert Navarro,6000000
Takuma Asano,2500000
Valery Fernandéz,2000000
Vedat Muriqi,5000000
Cyle Larin,3500000
Abdón Prats,1200000
Marc Domènech,1000000
Karl Hein,3000000
André Ferreira,700000
Álvaro Aceves,400000
Arnau Rafús,200000
Juma Bah,6000000
Eray Cömert,2000000
David Torres,1500000
Javi Sánchez,1500000
Iago Parente,150000
Adam Aznou,4000000
Henrique Silva,500000
Raúl Chasco,150000
Lucas Rosa,3000000
Antonio Candela,1800000
Luis Pérez,1400000
Koke Iglesias,200000
Florian Grillitsch,2000000
Stanko Juric,1200000
Tamás Nikitscher,1000000
César de la Hoz,350000
Kike Pérez,2800000
Víctor Meseguer,1500000
Ibrahim Alani,500000
Mario Maroto,200000
Adrián Verde,150000
Selim Amallah,1600000
Chuki,1500000
Raúl Moro,7500000
Stipe Biuk,2500000
Darwin Machís,600000
Kenedy,300000
Amath Ndiaye,900000
Anuar,900000
Iván Sánchez,600000
Xavi Moreno,250000
Juanmi Latasa,2000000
Mamadou Sylla,1200000
Marcos André,1000000
Adrián Arnu,500000
Augusto Batalla,6000000
Dani Cárdenas,1800000
Miguel Ángel Morro,300000
Abdul Mumin,5000000
Florian Lejeune,2500000
Pelayo Fernández,500000
Aridane Hernández,300000
Pep Chavarría,5000000
Alfonso Espino,1200000
Andrei Rațiu,12000000
Iván Balliu,1400000
Gerard Gumbau,1500000
Pedro Díaz,3000000
Unai López,2500000
Óscar Valentín,2500000
Pathé Ciss,2000000
Diego Méndez,100000
James Rodríguez,2500000
Randy Nteka,1500000
Joni Montiel,800000
Óscar Trejo,500000
Álvaro García,2000000
Jorge de Frutos,4000000
Adrián Embarba,1200000
Isi Palazón,3500000
Sergio Camello,3000000
Raúl de Tomás,700000
Sergi Guardiola,500000
Etienne Eto'o,200000
Juan Soriano,1000000
Marko Dmitrovic,800000
Alvin Abajas,100000
Jackson Porozo,2000000
Jorge Sáenz,1500000
Sergio González,800000
Matija Nastasić,800000
Aritz Arambarri,600000
Lalo Aguilar,300000
Joao Urbáez,50000
Javi Hernández,2500000
Enric Franquesa,1500000
Borna Barisic,800000
Iker Bachiller,25000
Valentin Rosier,3000000
Adrià Altimira,1500000
Yvan Nwyou,3000000
Renato Tapia,2000000
Julián Chicco,500000
Seydouba Cissé,3000000
Darko Brasanac,500000
Álex Gil,100000
Óscar Rodríguez,2000000
Roberto López,1000000
Juan Cruz,5000000
Yan Diomande,1500000
Duk,1000000
Munir El Haddadi,1500000
Naim García,300000
Dani Raba,2500000
Sébastien Haller,3000000
Miguel de la Fuente,2000000
Diego García,1500000
Josep Martínez,12000000
Yann Sommer,4000000
Alessandro Calligaris,350000
Raffaele Di Gennaro,300000
Alessandro Bastoni,70000000
Yann Bisseck,35000000
Benjamin Pavard,25000000
Stefan de Vrij,5000000
Tomás Palacios,4000000
Francesco Acerbi,3000000
Christos Alexiou,800000
Alessandro Fontanarosa,700000
Gabriele Re Cecconi,700000
Federico Dimarco,50000000
Carlos Augusto,26000000
Matteo Cocchi,1500000
Matteo Motta,200000
Denzel Dumfries,35000000
Matteo Darmian,2500000
Mike Aidoo,500000
Hakan Çalhanoğlu,30000000
Petar Sučić,14000000
Kristjan Asllani,13000000
Mattia Zanchetta,450000
Nicolò Barella,75000000
Davide Frattesi,35000000
Piotr Zieliński,10000000
Henrikh Mkhitaryan,4000000
Thomas Berenbruch,1500000
Luka Topalović,1500000
Luis Henrique,25000000
Nicola Zalewski,12000000
Valentín Carboni,12000000
Daniele Quieto,250000
Tajon Buchanan,6000000
Giacomo De Pieri,1500000
Sebastiano Esposito,8500000
Joaquín Correa,3000000
Lautaro Martínez,95000000
Marcus Thuram,75000000
Pio Esposito,25000000
Mehdi Taremi,3500000
Marko Arnautovic,3000000
Matteo Spinaccè,750000
Matteo Lavelli,350000
Michele Di Gregorio,18000000
Mattia Perin,2500000
Giovanni Daffara,500000
Carlo Pinsoglio,200000
Giovanni Garofani,75000
Bremer,50000000
Pierre Kalulu,28000000
Federico Gatti,24000000
Danilo,3500000
Daniele Rugani,3000000
Javier Gil,1200000
Juan Cabal,9000000
Jonas Rouhi,2000000
Riccardo Turicchia,700000
Nicolò Savona,12000000
Alberto Costa,10000000
Manuel Locatelli,30000000
Khéphren Thuram,40000000
Douglas Luiz,30000000
Weston McKennie,22000000
Nicolò Fagioli,18000000
Augusto Owusu,700000
Andrea Cambiaso,35000000
Filip Kostić,5000000
Filippo Pagnucco,850000
Teun Koopmeiners,35000000
Vasilije Adžić,4000000
Christos Papadopoulos,700000
Kenan Yıldız,50000000
Samuel Mbangula,14000000
Francisco Conceição,28000000
Nico González,24000000
Timothy Weah,17000000
Alessandro Pietrelli,800000
Lorenzo Anghelè,700000
Dušan Vlahović,35000000
Randal Kolo Muani,30000000
Arkadiusz Milik,2000000
Diego Pugno,300000
Mike Maignan,25000000
Marco Sportiello,1000000
Lorenzo Torriani,500000
Noah Raveyre,300000
Lapo Nava,100000
Fikayo Tomori,20000000
Malick Thiaw,18000000
Strahinja Pavlović,18000000
Matteo Gabbia,14000000
Theo Hernández,35000000
Davide Bartesaghi,1800000
Álex Jiménez,15000000
Emerson Royal,9000000
Davide Calabria,4500000
Filippo Terracciano,3200000
Alessandro Florenzi,1000000
Youssouf Fofana,30000000
Ismaël Bennacer,15000000
Silvano Vos,1400000
Yunus Musah,20000000
Ruben Loftus-Cheek,10000000
Warren Bondo,10000000
Kevin Zeroli,4000000
Mattia Liberali,4000000
Hugo Cuenca,300000
Rafael Leão,70000000
Noah Okafor,13000000
Riccardo Sottil,5000000
Chaka Traorè,1000000
Christian Pulisic,50000000
Alexis Saelemaekers,17000000
Samuel Chukwueze,10000000
Bob Murphy Omoregbe,100000
Santiago Gimenez,30000000
Tammy Abraham,15000000
Álvaro Morata,11000000
Francesco Camarda,10000000
Luka Jović,4500000
Marco Carnesecchi,25000000
Rui Patrício,800000
Paolo Vismara,700000
Matevz Dajcar,100000
Francesco Rossi,100000
Giorgio Scalvini,35000000
Isak Hien,30000000
Odilon Kossounou,25000000
Stefan Posch,8000000
Sead Kolasinac,7000000
Berat Djimsiti,6000000
Rafael Tolói,1400000
Relja Obric,800000
Tommaso Del Lungo,500000
Pietro Comi,250000
Pietro Tornaghi,200000
Matteo Ruggeri,16000000
Mitchel Bakker,7000000
Ibrahim Sulemana,7000000
Marten de Roon,5000000
Éderson,50000000
Mario Pasalić,10000000
Marco Brescianini,8000000
Lorenzo Riccio,950000
Alberto Manzoni,900000
Raoul Bellanova,24000000
Davide Zappacosta,5000000
Marco Palestra,3500000
Juan Cuadrado,1000000
Javison Idele,400000
Lorenzo Bernasconi,800000
Charles De Ketelaere,35000000
Lazar Samardžić,17000000
Nicolò Zaniolo,12000000
Daniel Maldini,10000000
Federico Cassa,800000
Ademola Lookman,60000000
Dominic Vavassori,1500000
Mateo Retegui,45000000
Gianluca Scamacca,24000000
Vanja Vlahović,6000000
Alex Meret,18000000
Elia Caprile,9000000
Simone Scuffet,2000000
Nikita Contini,400000
Claudio Turi,150000
Alessandro Buongiorno,50000000
Amir Rrahmani,12000000
Rafa Marín,7000000
Juan Jesus,1500000
Mattia Esposito,75000
Mathías Olivera,20000000
Leonardo Spinazzola,3500000
Giovanni Di Lorenzo,12000000
Pasquale Mazzocchi,2500000
Stanislav Lobotka,25000000
Francesco Gioielli,75000
Frank Anguissa,27000000
Philip Billing,10000000
Michael Folorunsho,6000000
Luis Hasa,1000000
Gennaro Iaccarino,300000
Coli Saco,250000
Alessio Zerbin,4000000
Francesco Mezzoni,200000
Gianluca Gaetano,4000000
Khvicha Kvaratskhelia,90000000
David Neres,30000000
Matteo Politano,10000000
Cyril Ngonge,8000000
Giacomo Raspadori,25000000
Romelu Lukaku,22000000
Giovanni Simeone,5000000
Mile Svilar,25000000
Mathew Ryan,2500000
Pierluigi Gollini,1000000
Renato Marin,500000
Evan Ndicka,30000000
Gianluca Mancini,15000000
Victor Nelsson,10000000
Mario Hermoso,7000000
Mats Hummels,2000000
Chris Smalling,1500000
Angeliño,20000000
Anass Salah-Eddine,8000000
Samuel Dahl,7000000
Devyne Rensch,10000000
Zeki Çelik,6000000
Saud Abdulhamid,3000000
Buba Sangaré,1000000
Lucas Gourna-Douath,8000000
Bryan Cristante,7000000
Leandro Paredes,5000000
Alessandro Romano,500000
Manu Koné,40000000
Enzo Le Fée,18000000
Niccolò Pisilli,13000000
Edoardo Bove,5000000
Tommaso Baldanzi,12000000
Lorenzo Pellegrini,9000000
Stephan El Shaarawy,3500000
Matías Soulé,30000000
João Costa,2800000
Paulo Dybala,8000000
Artem Dovbyk,30000000
Eldor Shomurodov,5000000
David de Gea,5000000
Tommaso Martinelli,1800000
Pietro Terracciano,1000000
Pietro Leonardelli,125000
Pietro Comuzzo,25000000
Luca Ranieri,12000000
Marin Pongracic,10000000
Lucas Martínez Quarta,7000000
Nicolás Valentini,6000000
Pablo Marí,3500000
Matías Moreno,3400000
Eddy Kouadio,275000
Leonardo Baroncelli,200000
Lorenzo Romani,125000
Niccolò Fortini,8500000
Robin Gosens,8000000
Fabiano Parisi,6000000
Cristiano Biraghi,1800000
Dodô,24000000
Sofyan Amrabat,17000000
Rolando Mandragora,12000000
Yacine Adli,11000000
Danilo Cataldi,3500000
Amir Richardson,8500000
Alessandro Bianco,5000000
Cher Ndour,5000000
Gino Infantino,2000000
Jonas Harder,900000
Lucas Beltrán,18000000
Andrea Colpani,9500000
Antonín Barák,2500000
Tommaso Rubino,1200000
Josip Brekalo,3300000
Maat Daniel Caprini,2000000
Jonathan Ikoné,7000000
Albert Gudmundsson,18000000
Moise Kean,50000000
Christian Kouamé,4000000
Lukasz Skorupski,2500000
Federico Ravaglia,1500000
Nicola Bagnolini,200000
,
Sam Beukema,28000000
Jhon Lucumí,22000000
Nicolò Casale,6000000
Martin Erlić,4000000
Mihajlo Ilić,3500000
Juan Miranda,15000000
Tommaso Corazza,1500000
Charalampos Lykogiannis,1500000
Emil Holm,8000000
Lorenzo De Silvestri,800000
Nikola Moro,4500000
Oussama El Azzouzi,1400000
Lewis Ferguson,28000000
Tommaso Pobega,9000000
Michel Aebischer,7500000
Kacper Urbanski,6000000
Remo Freuler,5000000
Andri Fannar Baldursson,600000
Naïm Byar,500000
Jens Odgaard,12000000
Giovanni Fabbian,12000000
Benja Domínguez,15000000
Samuel Iling-Junior,10000000
Nicolò Cambiaghi,8500000
Jesper Karlsson,4000000
Estanis Pedrola,1800000
Tommaso Ravaglioli,650000
Flavio Ferrari,200000
Dan Ndoye,35000000
Riccardo Orsolini,25000000
Santiago Castro,35000000
Thijs Dallinga,12000000
Christos Mandas,10000000
Ivan Provedel,3000000
Davide Renzetti,100000
Alessio Furlanetto,50000
Mario Gila,30000000
Alessio Romagnoli,7000000
Oliver Provstgaard,3500000
Samuel Gigot,3000000
Patric,2500000
Filipe Bordon,800000
Matteo Zazza,375000
Nuno Tavares,25000000
Luca Pellegrini,3000000
Alessandro Milani,250000
Adam Marusic,3500000
Elseid Hysaj,1500000
Nicolò Rovella,30000000
Reda Belahyane,10000000
Marco Nazzaro,125000
Mattéo Guendouzi,32000000
Matías Vecino,2000000
Gaetano Castrovilli,1500000
Toma Bašić,800000
Jean-Daniel Akpa Akpro,500000
Manuel Lazzari,3500000
Leonardo Di Tommaso,225000
Fisayo Dele-Bashiru,7500000
Arijon Ibrahimovic,4000000
Cristo Muñoz,250000
André Anderson,150000
Mattia Zaccagni,20000000
Gustav Isaksen,20000000
Loum Tchaouna,10000000
Tijjani Noslin,7500000
Pedro,1000000
Taty Castellanos,25000000
Boulaye Dia,15000000
Federico Serra,450000
Mahamadou Baldé,325000
Vanja Milinković-Savić,16000000
Mihai Popa,650000
Alberto Paleari,500000
Francesco Plaia,200000
Antonio Donnarumma,200000
Saúl Coco,10000000
Perr Schuurs,5000000
Sebastian Walukiewicz,4500000
Guillermo Maripán,4000000
Alessandro Dellavalle,3000000
Saba Sazonov,2000000
Adam Masina,1500000
Senan Mullen,175000
Borna Sosa,4500000
Valentino Lazaro,4500000
Mërgim Vojvoda,3000000
Marcus Pedersen,3000000
Ali Dembélé,900000
Côme Bianay Balcot,175000
Samuele Ricci,30000000
Adrien Tamèze,2000000
Ivan Ilić,16000000
Gvidas Gineitis,6000000
Karol Linetty,1800000
Emirhan İlkhan,1700000
Aaron Ciammaglichella,700000
Marco Dalla Vecchia,250000
Brian Bayeye,300000
Edoardo Zaia,100000
Nikola Vlašić,8000000
Sergiu Perciun,1500000
Krisztofer Horváth,1000000
Eljif Elmas,14000000
Alieu Njie,2500000
Yann Karamoh,1800000
Alessio Cacciamani,500000
Zanos Savva,900000
Ché Adams,15000000
Duván Zapata,3500000
Antonio Sanabria,2800000
Pietro Pellegri,2000000
Amine Salama,1500000
Tommaso Gabellini,800000
Alessio Raballo,25000
Jean Butez,3500000
Emil Audero,3200000
Pepe Reina,500000
Mauro Vigorito,150000
Pierre Bolchini,50000
Alberto Dossena,8000000
Marc Oliver Kempf,3000000
Edoardo Goldaniga,3000000
Fellipe Jack,1400000
Federico Barba,500000
Alessio Chiesa,75000
Sven Lesjak,50000
Alberto Moreno,1500000
Marco Sala,900000
Ignace Van der Brempt,4000000
Ivan Smolcic,1800000
Tommaso Cassandro,700000
William Feola,75000
Máximo Perrone,12000000
Yannik Engelhardt,6000000
Oliver Abildgaard,1000000
Maxence Caqueret,16000000
Lucas Da Cunha,10000000
Luca Mazzitelli,1500000
Sergi Roberto,1500000
Matthias Braunöder,1400000
Ben Lhassine Kone,500000
Daniele Baselli,300000
Giuseppe Mazzaglia,250000
Alessio Iovine,400000
Nico Paz,35000000
Dele Alli,2000000
Simone Verdi,1500000
Naj Razi,300000
Alieu Fadera,4500000
Ali Jasim,550000
Gabriel Strefezza,6000000
Patrick Cutrone,6000000
Iván Azón,3000000
Andrea Belotti,2000000
Nicholas Gioacchini,1300000
Alberto Cerri,1000000
Alessandro Gabrielloni,850000
Federico Chinetti,175000
Maduka Okoye,7500000
Răzvan Sava,2500000
Egil Selvik,1500000
Marco Silvestri,500000
Daniele Padelli,150000
Edoardo Piana,50000
Oumar Solet,18000000
Jaka Bijol,18000000
Nehuén Pérez,13000000
Isaak Touré,7000000
Thomas Kristensen,6000000
Enzo Ebosse,2000000
Lautaro Giannetti,2000000
James Abankwah,1000000
Matteo Palma,1000000
Christian Kabasele,700000
Axel Guessand,400000
Jordan Zemura,4500000
Hassane Kamara,3500000
Festy Ebosele,4600000
Kingsley Ehizibue,2400000
Rui Modesto,2000000
Gonçalo Esteves,500000
Jesper Karlström,4000000
Sandi Lovrić,8500000
Arthur Atta,8000000
Jurgen Ekkelenkamp,7000000
Martín Payero,5500000
Oier Zarraga,2000000
Simone Pafundi,5000000
David Pejičić,1000000
Florian Thauvin,5000000
Lorenzo Lucca,22000000
Brenner,4000000
Keinan Davis,3400000
Damián Pizarro,3200000
Iker Bravo,3000000
Alexis Sánchez,1500000
Nicola Leali,1500000
Benjamin Siegrist,650000
Franz Stolz,250000
Daniele Sommariva,100000
Koni De Winter,22000000
Johan Vásquez,14000000
Alan Matturro,7000000
Alessandro Vogliacco,2800000
Alessandro Marcandalli,2000000
Sebastian Otoa,2000000
Mattia Bani,1800000
Matteo Barbini,500000
Tommaso Pittino,150000
Aarón Martín,6500000
Honest Ahanor,5000000
Alessandro Zanoli,6000000
Brooke Norton-Cuffy,3500000
Stefano Sabelli,1400000
Jean Onana,1800000
Emil Bohinen,1500000
Milan Badelj,800000
Morten Frendrup,20000000
Fabio Miretti,14000000
Patrizio Masini,6000000
Morten Thorsby,3000000
Lior Kassa,1500000
Filippo Melegoni,700000
Ruslan Malinovskyi,2500000
Gastón Pereiro,500000
Filippo Carbone,200000
Federico Accornero,400000
Lysandros Papastylianou,50000
Junior Messias,1500000
Lorenzo Venturino,1500000
Seydou Fini,1300000
Andrea Pinamonti,15000000
Jeff Ekhator,5000000
Caleb Ekuban,1300000
David Ankeye,850000
Mario Balotelli,500000
Ifenna Dorgu,300000
Zion Suzuki,20000000
Edoardo Corvi,350000
Leandro Chichizola,250000
Richard Marcone,250000
Manuel Moretta,10000
Giovanni Leoni,18000000
Alessandro Circati,8000000
Botond Balogh,2400000
Yordan Osorio,1500000
Lautaro Valenti,1500000
Nicolas Trabucchi,250000
Mathias Løvik,5000000
Emanuele Valeri,3000000
Gianluca Di Chiara,250000
Enrico Delprato,6500000
Antoine Hainaut,1000000
Mandela Keita,12000000
Nahuel Estévez,2000000
Adrián Bernabé,15000000
Simon Sohm,5000000
Hernani,1600000
Drissa Camara,1500000
Wylan Cyprien,300000
Elia Plicco,250000
Jacob Ondrejka,8000000
Adrian Benedyczak,4500000
Valentin Mihăilă,3000000
Dennis Man,10000000
Matteo Cancellieri,4500000
Pontus Almqvist,2500000
Anas Haj Mohamed,1800000
Anthony Partipilo,500000
Mateusz Kowalski,300000
Ange-Yoan Bonny,20000000
Mateo Pellegrino,6000000
Milan Djuric,1500000
Gabriel Charpentier,1300000
Daniel Mikolajewski,500000
Wladimiro Falcone,3500000
Christian Früchtl,1300000
Alexandru Borbei,100000
Jasper Samooja,75000
Federico Baschirotto,3600000
Kialonda Gaspar,3500000
Gaby Jean,2000000
Tiago Gabriel,1000000
Kevin Bonifazi,750000
Elijah Scott,300000
Cristian Pehlivanov,200000
Sebastian Esposito,200000
Antonino Gallo,4300000
Vernon Addo,200000
Valentin Gendrey,7000000
Frédéric Guilbert,2500000
Danilo Veiga,1000000
Ylber Ramadani,1800000
Balthazar Pierret,1700000
Thórir Jóhann Helgason,3000000
Lassana Coulibaly,2500000
Mohamed Kaba,2000000
Medon Berisha,1500000
Hamza Rafia,1400000
Joan González,800000
Ed McJannet,150000
Filip Marchwinski,3000000
Rémi Oudin,1500000
Lameck Banda,4500000
Tete Morente,2000000
Ante Rebić,1000000
Nicola Sansone,400000
Santiago Pierotti,4000000
Konan N’Dri,1400000
Jeppe Corfitzen,250000
Dario Daka,100000
Nikola Krstović,15000000
Rareș Burnete,700000
Joel Voelkerling Persson,300000
Lorenzo Montipò,2000000
Simone Perilli,400000
Federico Magro,300000
Alessandro Berardi,50000
Diego Coppola,10000000
Daniele Ghilardi,5000000
Flavius Daniliuc,2700000
Paweł Dawidowicz,2500000
Tobias Slotsager,2000000
Giangiacomo Magnani,1800000
Luan Patrick,1000000
Yllan Okou,800000
Christian Corradi,700000
Federico Ceccherini,400000
Karlson Nwanege,200000
Domagoj Bradarić,4000000
Martin Frese,2000000
Jackson Tchatchoua,8000000
Davide Faraoni,800000
Daniel Oyegoke,500000
Dani Silva,2500000
Cheikh Niasse,2500000
Suat Serdar,4500000
Ondrej Duda,3500000
Antoine Bernede,2500000
Abdou Harroui,1800000
Darko Lazović,800000
Tomas Suslov,6000000
Ayanda Sishuba,1500000
Grigoris Kastanos,1500000
Alphadjo Cissè,1000000
Stefan Mitrović,1500000
Faride Alidou,1000000
Elayis Tavsan,1200000
Casper Tengstedt,6000000
Amin Sarr,5000000
Daniel Mosquera,1500000
Mathis Lambourde,800000
Dailon Livramento,800000
Junior Ajayi,300000
Devis Vásquez,2000000
Jacopo Seghetti,1000000
Samuele Perisan,400000
Niccolò Chiorra,300000
Federico Brancolini,200000
Saba Goglichidze,8000000
Luca Marianucci,7500000
Ardian Ismajli,6000000
Mattia Viti,5500000
Gabriele Guarino,1500000
Lorenzo Tosto,1200000
Darius Fălcușan,300000
Jeremy Moray,75000
Liberato Cacace,3000000
Giuseppe Pezzella,2500000
Junior Sambia,1000000
Tyronne Ebuehi,1000000
Mattia De Sciglio,800000
Petar Stojanović,750000
Francesco Donati,400000
Alberto Grassi,1800000
Jacopo Fazzini,10000000
Youssef Maleh,3200000
Liam Henderson,2000000
Szymon Żurkowski,1800000
Jacopo Bacci,800000
Luca Belardinelli,700000
Nicolas Haas,700000
Vincenzo Di Leva,50000
Emmanuel Gyasi,1400000
Noah El Biache,200000
Tino Anjorin,600000
Viktor Kovalenko,1000000
Andrea Sodero,300000
Emmanuel Ekong,550000
Ola Solbakken,2300000
Lorenzo Colombo,5000000
Stiven Shpendi,1500000
Thomas Campaniello,1000000
Ismaël Konaté,1000000
Brayan,350000
Stefano Turati,6500000
Semuel Pizzignacco,800000
Alessandro Sorrentino,500000
Andrea Mazza,75000
Davide Bifulco,50000
Andrea Carboni,2800000
Stefan Leković,1700000
Armando Izzo,1500000
Luca Caldirola,700000
Danilo D'Ambrosio,700000
Arvid Brorsson,600000
Davide Bettella,300000
Nicolò Postiglione,100000
Georgios Kyriakopoulos,2500000
Samuele Birindelli,2800000
Pedro Pereira,1500000
Leonardo Colombo,250000
Matteo Pessina,6000000
Roberto Gagliardini,1300000
Stefano Sensi,1000000
Mattia Valoti,900000
Pepín Machín,500000
Alessandro Berretta,325000
Patrick Ciurria,1500000
Endris Scaramelli,25000
Samuele Vignato,2200000
Keita Baldé,900000
Omari Forson,2000000
Kevin Martins,1400000
Marco D'Alessandro,200000
Gianluca Caprari,1000000
Dany Mota,4000000
Silvere Ganvoula,1400000
Andrea Petagna,1000000
Mirko Marić,700000
Filip Stanković,6000000
Ionuț Radu,2500000
Jesse Joronen,500000
Matteo Grandi,100000
Jay Idzes,7500000
Joël Schingtienne,3500000
Fali Candé,2500000
Michael Svoboda,2500000
Lorenzo Lucchesi,1400000
Giorgio Altare,1000000
Marin Šverko,1000000
Franco Carboni,1000000
Ridgeciano Haps,900000
Richie Sagrado,2000000
Cheick Condé,1800000
Hans Nicolussi Caviglia,8500000
Gianluca Busio,6000000
Mikael Egill Ellertsson,3400000
Issa Doumbia,2400000
Alfred Duncan,1400000
Magnus Kofod Andersen,1000000
Nunzio Lella,700000
Domen Crnigoj,500000
Francesco Zampano,1000000
Alberto Chiesurin,25000
Bjarki Bjarkason,800000
Gaetano Oristanio,6000000
John Yeboah,2800000
Saad El Haddad,400000
Marco Ladisa,175000
Nicholas Pierini,3000000
Joel Pohjanpalo,4500000
Antonio Raimondo,3800000
Daniel Fila,3000000
Christian Gytkjær,700000
Alen Sherri,1000000
Velizar-Iliya Iliev,200000
Giuseppe Ciocci,100000
Henrijs Auseklis,75000
Sebastiano Luperto,4000000
Pantelis Hatzidiakos,3200000
Yerry Mina,3000000
Adam Obert,3000000
Mateusz Wieteska,2000000
José Luis Palomino,700000
Nicola Pintus,400000
Andrea Cogoni,400000
Tommaso Augello,1800000
Nadir Zortea,5000000
Gabriele Zappa,4000000
Alessandro Di Pardo,800000
Matteo Prati,6000000
Antoine Makoumbou,3500000
Michel Adopo,4000000
Răzvan Marin,3500000
Alessandro Deiola,1600000
Paulo Azzi,800000
Jakub Jankto,800000
Nicolas Viola,1000000
Florinel Coman,5000000
Mattia Felici,2800000
Alessandro Vinciguerra,400000
Roberto Piccoli,12000000
Zito Luvumbo,5000000
Gianluca Lapadula,750000
Leonardo Pavoletti,700000
Kingstone Mutandwa,600000
Jonas Urbig,12000000
Manuel Neuer,4000000
Daniel Peretz,3000000
Max Schmitt,700000
Sven Ulreich,500000
Anthony Pavlesic,150000
Dayot Upamecano,50000000
Min-jae Kim,40000000
Jonathan Tah,30000000
Hiroki Ito,25000000
Eric Dier,8000000
Tarek Buchmann,500000
Alphonso Davies,50000000
Raphaël Guerreiro,8000000
Josip Stanisic,32000000
Konrad Laimer,25000000
Sacha Boey,18000000
Aleksandar Pavlovic,55000000
Joshua Kimmich,45000000
João Palhinha,30000000
Noel Aseko,700000
Tom Bischof,30000000
Leon Goretzka,22000000
Jamal Musiala,140000000
Maurice Krattenmacher,3500000
Jonathan Asp Jensen,1500000
Lennart Karl,1500000
Kingsley Coman,30000000
Serge Gnabry,22000000
Gabriel Vidovic,3000000
Michael Olise,100000000
Leroy Sané,32000000
Nestory Irankunda,4000000
Thomas Müller,6000000
Harry Kane,75000000
Jonah Kusi-Asare,2500000
Matej Kovar,5000000
Lukas Hradecky,2000000
Niklas Lomb,250000
Piero Hincapié,50000000
Edmond Tapsoba,35000000
Jeanuël Belocian,15000000
Alejandro Grimaldo,30000000
Jeremie Frimpong,50000000
Nordi Mukiele,10000000
Arthur,7000000
Granit Xhaka,12000000
Robert Andrich,9000000
Exequiel Palacios,40000000
Aleix García,20000000
Florian Wirtz,140000000
Jonas Hofmann,2000000
Francis Onyeka,500000
Amine Adli,18000000
Martin Terrier,17000000
Nathan Tella,15000000
Victor Boniface,40000000
Patrik Schick,27000000
Artem Stepanov,800000
Alejo Sarco,800000
Maarten Vandevoordt,8000000
Péter Gulácsi,2000000
Leopold Zingerle,400000
Castello Lukeba,40000000
Mohamed Simakan,23000000
El Chadaille Bitshiabu,18000000
Willi Orbán,8000000
Lukas Klostermann,8000000
David Raum,20000000
Lutsharel Geertruida,20000000
Benjamin Henrichs,15000000
Ridle Baku,9000000
Nicolas Seiwald,18000000
Amadou Haidara,16000000
Xaver Schlager,10000000
Assan Ouédraogo,7000000
Kevin Kampl,2500000
Xavi Simons,70000000
Christoph Baumgartner,12000000
Viggo Gebel,350000
Nuha Jatta,250000
Faik Sakar,200000
Antonio Nusa,28000000
Tidiam Gomis,3000000
Benjamin Sesko,70000000
Loïs Openda,50000000
Yussuf Poulsen,5000000
André Silva,4000000
Gregor Kobel,40000000
Alexander Meyer,800000
Marcel Lotka,800000
Silas Ostrzinski,200000
Nico Schlotterbeck,40000000
Waldemar Anton,18000000
Niklas Süle,8000000
Soumaïla Coulibaly,8000000
Emre Can,7000000
Yannik Lührs,600000
Filippo Mane,600000
David Lelle,200000
Ramy Bensebaini,7000000
Almugera Kabar,1000000
Yan Couto,20000000
Julian Ryerson,20000000
Niklas Jessen,225000
Salih Özcan,4000000
Ayman Azhil,700000
Felix Nmecha,28000000
Jobe Bellingham,22000000
Marcel Sabitzer,8000000
Pascal Groß,5000000
Kjell Wätjen,2500000
Daniel Svensson,12000000
Julian Brandt,25000000
Giovanni Reyna,7000000
Jamie Gittens,50000000
Julien Duranville,8500000
Karim Adeyemi,45000000
Cole Campbell,1500000
Rodney Elongo-Yombo,400000
Serhou Guirassy,45000000
Maximilian Beier,25000000
Jordi Paulina,250000
Kevin Trapp,2500000
Kauã Santos,2500000
Nils Ramming,300000
Jens Grahl,200000
Yurij Obert,50000
Arthur Theate,24000000
Robin Koch,18000000
Tuta,15000000
Nnamdi Collins,10000000
Aurèle Amenda,7500000
Nathaniel Brown,22000000
Niels Nkounkou,3500000
Rasmus Kristensen,14000000
Timothy Chandler,350000
Ellyes Skhiri,7500000
Eba Bekir Is,500000
Noah Fenyö,350000
Hugo Larsson,40000000
Oscar Højlund,7500000
Mahmoud Dahoud,3500000
Junior Dina Ebimbe,6000000
Can Uzun,18000000
Farès Chaïbi,9000000
Mario Götze,4000000
Krisztián Lisztes,2000000
Jean-Mattéo Bahoya,17000000
Ansgar Knauff,15000000
Hugo Ekitiké,75000000
Elye Wahi,22000000
Igor Matanovic,5000000
Michy Batshuayi,4000000
Alexander Nübel,12000000
Dennis Seimen,2500000
Fabian Bredlow,800000
Stefan Drljaca,325000
Finn Jeltsch,20000000
Jeff Chabot,12000000
Anthony Rouault,10000000
Ameen Al-Dakhil,7500000
Luca Jaquez,6000000
Ramon Hendriks,5000000
Anrie Chase,3000000
Dan-Axel Zagadou,2000000
Maximilian Mittelstädt,20000000
Frans Krätzig,3500000
Josha Vagnoman,10000000
Leonidas Stergiou,5000000
Pascal Stenzel,2000000
Christopher Olivier,500000
Angelo Stiller,45000000
Atakan Karazor,12000000
Yannik Keitel,3500000
Nikolas Nartey,400000
Enzo Millot,35000000
Fabian Rieder,6000000
Chris Führich,15000000
Jacob Bruun Larsen,5000000
Justin Diehl,3000000
Jarzinho Malanga,1700000
Benjamin Boakye,500000
Jamie Leweling,20000000
Silas,7000000
Luca Raimund,400000
Nick Woltemade,30000000
Ermedin Demirovic,22000000
Deniz Undav,20000000
El Bilal Touré,15000000
Wahid Faghir,700000
Eliot Bujupi,500000
Thomas Kastanaras,400000
Kamil Grabara,14000000
Marius Müller,1500000
Pavao Pervan,300000
Niklas Klinger,100000
Konstantinos Koulierakis,25000000
Cédric Zesiger,7000000
Denis Vavro,7000000
Sebastiaan Bornauw,6000000
Moritz Jenz,5000000
David Odogu,1500000
Mathys Angély,600000
Joakim Mæhle,14000000
Nicolas Cozza,3500000
Rogério,2500000
Kilian Fischer,6000000
Mattias Svanberg,12000000
Aster Vranckx,7000000
Maximilian Arnold,5000000
Yannick Gerhardt,25000000
Kevin Paredes,7500000
Lovro Majer,17000000
Bence Dárdai,12000000
Jakub Kaminski,5000000
Patrick Wimmer,15000000
Andreas Skov Olsen,14000000
Bennit Bröger,500000
Mohamed Amoura,32000000
Tiago Tomás,12000000
Jonas Wind,12000000
Lukas Nmecha,3000000
Kevin Behrens,1000000
Bartosz Bialek,800000
Moritz Nicolas,5000000
Jonas Omlin,2500000
Tiago Pereira Cardoso,1500000
Tobias Sippel,300000
Ko Itakura,12000000
Nico Elvedi,8000000
Marvin Friedrich,3500000
Fabio Chiarodia,2000000
Lukas Ullrich,8000000
Luca Netz,6000000
Joe Scally,10000000
Stefan Lainer,1200000
Julian Weigl,6000000
Niklas Swider,250000
Veit Stange,150000
Rocco Reitz,15000000
Philipp Sander,4000000
Florian Neuhaus,3500000
Kevin Stöger,3500000
Robin Hack,12000000
Yvandro Borges Sanches,500000
Noah Pesch,300000
Franck Honorat,12000000
Nathan Ngoumou,4000000
Charles Herrmann,300000
Tim Kleindienst,17000000
Alassane Pléa,5000000
Tomas Cvancara,3000000
Grant-Leon Ranos,500000
Shio Fukuda,500000
Oliver Baumann,3000000
Luca Philipp,750000
Jakob Busk,250000
Lúkas Petersson,250000
Leo Østigård,10000000
Ozan Kabak,5000000
Arthur Chaves,5000000
Robin Hranac,3500000
Tim Drexler,3000000
Kevin Akpoguma,2500000
Stanley Nsoki,2500000
Attila Szalai,1700000
Luca Erlein,300000
Noah König,250000
David Jurásek,5000000
Alexander Prass,5000000
Christopher Lenz,500000
Hennes Behrens,350000
Pavel Kaderabek,1700000
Lars Strobl,25000
Anton Stach,14000000
Diadié Samassékou,1000000
Umut Tohumcu,6000000
Grischa Prömel,3000000
Dennis Geiger,2000000
Finn Becker,2000000
Luka Duric,250000
Andrej Kramaric,4000000
Julian Justvan,2200000
Florian Micheler,500000
Bazoumana Touré,9000000
Marius Bülter,2500000
Paul Hennrich,400000
Adam Hlozek,18000000
Gift Orban,10000000
Max Moerstedt,7000000
Mergim Berisha,3500000
Haris Tabakovic,2500000
Erencan Yardımcı,2500000
Ihlas Bebou,1000000
David Mokwa,1000000
Simon Kalambayi,175000
Noah Atubolu,18000000
Florian Müller,1200000
Jannik Huth,400000
Philipp Lienhart,12000000
Max Rosenfelder,8000000
Matthias Ginter,7000000
Bruno Ogbus,1000000
Kenneth Schmidt,800000
Manuel Gulde,400000
Jordy Makengo,6000000
Christian Günter,3500000
Roland Sallai,10000000
Kiliann Sildillia,10000000
Lukas Kübler,1500000
Patrick Osterhage,10000000
Nicolas Höfler,500000
Maximilian Eggestein,10000000
Johan Manzambi,8000000
Yann Sturm,500000
Merlin Röhl,12000000
Florent Muslija,1800000
Daniel-Kofi Kyereh,800000
Vincenzo Grifo,6000000
Noah Weißhaupt,5000000
Ritsu Doan,25000000
Eren Dinkçi,8000000
Niklas Beste,7000000
Maximilian Philipp,800000
Junior Adamu,5000000
Lucas Höler,3000000
Michael Gregoritsch,3000000
Robin Zentner,4000000
Lasse Rieß,400000
Daniel Batz,250000
Andreas Hanche-Olsen,6000000
Dominik Kohr,3500000
Maxim Leitsch,1500000
Danny da Costa,1500000
Stefan Bell,800000
Maxim Dal,150000
Phillipp Mwene,1800000
Anthony Caci,12000000
Nikolas Veratschnig,1500000
Silvan Widmer,1200000
Kaishu Sano,20000000
Lennard Maloney,3500000
Edimilson Fernandes,3000000
Nadiem Amiri,20000000
Daniel Gleiber,225000
Paul Nebel,24000000
Hyun-seok Hong,3500000
Jae-sung Lee,2500000
Marco Richter,1500000
Aymen Barkok,500000
Arnaud Nordin,5000000
Armindo Sieb,3000000
Jonathan Burkardt,35000000
Nelson Weiper,10000000
Karim Onisiwo,800000
Finn Dahmen,9000000
Nediljko Labrovic,2500000
Daniel Klein,150000
Chrislain Matsima,22000000
Felix Uduokhai,7000000
Keven Schlotterbeck,6000000
Noahkai Banks,6000000
Maximilian Bauer,2000000
Jeffrey Gouweleeuw,1500000
Reece Oxford,500000
Felix Meiser,150000
David Deger,100000
Dimitrios Giannoulis,3000000
Mads Pedersen,2000000
Marius Wolf,3000000
Henri Koudossou,2000000
Robert Gumny,1500000
Kristijan Jakic,6500000
Niklas Dorsch,3500000
Tim Breithaupt,2500000
Mahmut Kücüksahin,175000
Arne Engels,12000000
Arne Maier,4000000
Elvis Rexhbecaj,3500000
Alexis Claude-Maurice,12000000
Mert Kömür,5000000
Fredrik Jensen,3500000
Juan Cabrera,300000
Yusuf Kabadayi,1500000
Phillip Tietz,5000000
Samuel Essende,4500000
Steve Mounié,2000000
Frederik Rönnow,3000000
Alexander Schwolow,500000
Carl Klaus,350000
Diogo Leite,17000000
Danilho Doekhi,13000000
Leopold Querfeld,13000000
Paul Jaeckel,1000000
Kevin Vogt,1000000
Tom Rothe,10000000
Jérôme Roussillon,800000
Josip Juranovic,4000000
Christopher Trimmel,600000
Aljoscha Kemlein,7000000
Rani Khedira,2500000
András Schäfer,5000000
László Bénes,3000000
Janik Haberer,2500000
Lucas Tousart,2500000
Robert Skov,4000000
Woo-yeong Jeong,4000000
Kevin Volland,700000
David Preu,400000
Benedict Hollerbach,12000000
Yorbe Vertessen,6000000
Andrej Ilic,4000000
Marin Ljubicic,4000000
Jordan,3000000
Tim Skarke,2000000
Ivan Prtajin,1200000
Michael Zetterer,4500000
Mio Backhaus,2000000
Markus Kolke,300000
Marco Friedl,12000000
Niklas Stark,4000000
Amos Pieper,3500000
Milos Veljkovic,3000000
Julián Malatini,2500000
Anthony Jung,1000000
Felix Agu,8000000
Derrick Köhn,5000000
Olivier Deman,3000000
Mitchell Weiser,5000000
Senne Lynen,9000000
Skelly Alvero,2500000
Jens Stage,14000000
Leonardo Bittencourt,1500000
Romano Schmid,17000000
Isak Hansen-Aarøen,1000000
Leon Opitz,600000
Marco Grüll,4000000
Abdenego Nankishi,450000
Justin Njinmah,7000000
Marvin Ducksch,6000000
Keke Topp,4000000
Oliver Burke,3000000
Maik Lukowicz,150000
Kevin Müller,700000
Frank Feller,500000
Vitus Eicher,250000
Paul Tschernuth,100000
Benedikt Gimber,3000000
Patrick Mainka,3000000
Tim Siersleben,2000000
Thomas Keller,500000
Jonas Föhrenbach,1500000
Omar Traoré,4000000
Marnon Busch,1200000
Julian Niehues,1500000
Luka Janes,200000
Norman Theuerkauf,175000
Jan Schöppner,4000000
Luca Kerber,1500000
Paul Wanner,18000000
Adrian Beck,2000000
Denis Thomalla,450000
Leo Scienza,3000000
Mathias Honsak,2000000
Christopher Negele,250000
Sirlord Conteh,1500000
Marvin Pieringer,5500000
Budu Zivzivadze,2000000
Maximilian Breunig,1500000
Mikkel Kaufmann,1200000
Stefan Schimmer,500000
Nikola Vasilj,3500000
Ben Voll,500000
Eric Oelschlägel,300000
Sascha Burchert,200000
Ronny Seibt,75000
Sören Ahlers,50000
Eric Smith,5000000
David Nemeth,4000000
Hauke Wahl,1500000
Karol Mets,1300000
Adam Dzwigala,600000
Emil Staugaard,125000
Muhammad Dahaba,125000
Lars Ritzka,1000000
Julien Yanda,250000
Philipp Treu,5000000
Manolis Saliakas,3000000
Fin Stevens,500000
James Sands,3000000
Marwin Schmitz,200000
Robert Wagner,3000000
Connor Metcalfe,2500000
Jackson Irvine,2000000
Carlo Boukhalfa,2000000
Erik Ahlstrand,500000
Danel Sinani,1500000
Elias Saad,4000000
Romeo Aigbekaen,100000
Oladapo Afolayan,4000000
Morgan Guilavogui,4000000
Scott Banks,500000
Johannes Eggestein,2500000
Abdoulie Ceesay,500000
Maurides,350000
Andreas Albers,300000
Simon Zoller,300000
Timo Horn,800000
Patrick Drewes,500000
Paul Grave,50000
Bernardo,5500000
Tim Oermann,5000000
Erhan Masovic,2000000
Jakov Medic,2000000
Ivan Ordets,1000000
Noah Loosli,600000
Mohammed Tolba,200000
Maximilian Wittek,1500000
Felix Passlack,2000000
Cristian Gamboa,500000
Kacper Koscierski,200000
Ibrahima Sissoko,6000000
Anthony Losilla,500000
Niklas Jahn,200000
Tom Krauß,4000000
Matus Bero,3000000
Moritz-Broni Kwarteng,1000000
Mats Pannewig,1000000
Agon Elezi,650000
Koji Miyoshi,1500000
Dani de Wit,2500000
Lukas Daschner,900000
Georgios Masouras,2000000
Aliou Baldé,800000
Gerrit Holtmann,700000
Samuel Bamba,500000
Myron Boadu,7000000
Moritz Broschinski,2000000
Philipp Hofmann,1000000
Timon Weiner,1000000
Thomas Dähne,400000
Marcel Engelhardt,175000
David Zec,2500000
Marko Ivezic,2000000
Max Geschwill,1500000
Timo Becker,1500000
Colin Kleine-Bekel,1500000
Marco Komenda,800000
Patrick Erras,800000
Ivan Nekic,800000
Carl Johansson,500000
John Tolkin,2500000
Tymoteusz Puchacz,1500000
Dominik Javorcek,550000
Lasse Rosenboom,1500000
Marvin Schulz,700000
Nicolai Remberg,3000000
Armin Gigovic,3000000
Magnus Knudsen,2500000
Lewis Holtby,500000
Finn Porath,1700000
Aurel Wagbe,100000
Andu Kelati,800000
Alexander Bernhardsson,3000000
Shuto Machino,5000000
Phil Harres,4000000
Benedikt Pichler,1500000
Steven Skrzybski,1000000
Fiete Arp,800000
Gianluigi Donnarumma,40000000
Matvey Safonov,20000000
Arnau Tenas,3000000
Willian Pacho,65000000
Marquinhos,35000000
Lucas Beraldo,25000000
Milan Škriniar,15000000
Presnel Kimpembe,5000000
Axel Tape,2000000
Noham Kamara,500000
Nuno Mendes,70000000
Lucas Hernández,25000000
Achraf Hakimi,80000000
Yoram Zague,2500000
Gabriel Moscardo,8000000
Vitinha,80000000
João Neves,80000000
Warren Zaïre-Emery,55000000
Fabián Ruiz,40000000
Senny Mayulu,15000000
Bradley Barcola,70000000
Ousmane Dembélé,90000000
Désiré Doué,90000000
Kang-in Lee,25000000
Ibrahim Mbaye,3000000
Gonçalo Ramos,40000000
Radoslaw Majecki,6000000
Philipp Köhn,5000000
Jules Stawiecki,200000
Yann Lienard,100000
Wilfried Singo,25000000
Thilo Kehrer,20000000
Christian Mawissa,15000000
Mohammed Salisu,12000000
Caio Henrique,15000000
Ismail Jakobs,7000000
Kassoum Ouattara,7000000
Vanderson,20000000
Jordan Teze,9000000
Denis Zakaria,30000000
Soungoutou Magassa,12000000
Moatasem Al-Musrati,8000000
Lamine Camara,22000000
Eliot Matazo,2000000
Edan Diop,600000
Mamadou Coulibaly,200000
Mayssam Benama,150000
Aleksandr Golovin,20000000
Saïmon Bouabré,300000
Eliesse Ben Seghir,28000000
Takumi Minamino,15000000
Lucas Michal,500000
Maghnes Akliouche,45000000
Krépin Diatta,7000000
Mika Biereth,30000000
Folarin Balogun,18000000
George Ilenikhena,15000000
Breel Embolo,12000000
Joan Tincres,100000
Gerónimo Rulli,8000000
Jeffrey de Lange,2000000
Rubén Blanco,1000000
Jelle Van Neck,50000
Leonardo Balerdi,20000000
Lilian Brassier,10000000
Luiz Felipe,5000000
Derek Cornelius,5000000
Bamo Meïté,4000000
Chancel Mbemba,2000000
Roggerio Nyakossi,500000
Quentin Merlin,15000000
Ulisses Garcia,5000000
Alexi Koum,100000
Amar Dedić,12000000
Amir Murillo,10000000
Pol Lirola,4000000
Pierre-Emile Højbjerg,20000000
Geoffrey Kondogbia,7000000
Adrien Rabiot,25000000
Ismaël Koné,9000000
Valentin Rongier,9000000
Bilal Nadir,5000000
Amine Harit,8000000
Enzo Sternal,1500000
Darryl Bakola,200000
Jonathan Rowe,12000000
Salim Ben Seghir,400000
Mason Greenwood,40000000
Keyliane Abdallah,100000
Amine Gouiri,30000000
Faris Moumbagna,5000000
Robinio Vaz,150000
Lucas Chevalier,30000000
Lisandru Olmeta,150000
Vito Mannone,150000
Marc-Aurèle Caillard,100000
Bafodé Diakité,28000000
Alexsandro,20000000
Samuel Umtiti,1500000
Aïssa Mandi,1200000
Rafael Fernandes,1000000
Ousmane Touré,500000
Gabriel Gudmundsson,7000000
Ismaily,1200000
Vincent Burlet,600000
Tiago Santos,15000000
Thomas Meunier,2000000
Akim Zedadka,700000
Ngal'ayel Mukau,15000000
Nabil Bentaleb,6000000
Benjamin André,5000000
Ugo Raghouber,4000000
Ayyoub Bouaddi,28000000
André Gomes,6000000
Ethan Mbappé,5000000
Angel Gomes,20000000
Hákon Arnar Haraldsson,18000000
Rémy Cabella,2500000
Matías Fernández-Pardo,15000000
Osame Sahraoui,12000000
Aaron Malouda,150000
Younes Lachaab,50000
Edon Zhegrova,25000000
Jonathan David,45000000
Chuba Akpom,7000000
Mohamed Bayo,2800000
Lucas Perri,10000000
Anthony Lopes,1200000
Rémy Descamps,1200000
Justin Bengui,400000
Lassine Diarra,50000
Moussa Niakhaté,15000000
Duje Caleta-Car,7000000
Adryelson,3500000
Clinton Mata,3500000
Warmed Omari,3000000
Abner,7000000
Nicolás Tagliafico,6000000
Ainsley Maitland-Niles,12000000
Saël Kumbedi,7000000
Tanner Tessmann,6000000
Nemanja Matic,2000000
Paul Akouokou,800000
Corentin Tolisso,12000000
Jordan Veretout,4000000
Mahamadou Diawara,2000000
Malick Fofana,30000000
Thiago Almada,25000000
Saïd Benrahma,10000000
Wilfried Zaha,5000000
Ernest Nuamah,15000000
Georges Mikautadze,22000000
Alexandre Lacazette,6000000
Mama Baldé,4000000
Alejandro Gomes Rodríguez,100000
Enzo Molebe,100000
Djordje Petrovic,20000000
Robin Risser,1500000
Alaa Bellaarouch,400000
Karl-Johan Johnsson,300000
Ismaël Doukouré,18000000
Abakar Sylla,10000000
Saïdou Sow,6000000
Yoni Gomis,700000
Caleb Wiley,8000000
Eduard Sobol,900000
Thomas Delaine,600000
Guéla Doué,18000000
Marvin Senaya,1800000
Karol Fila,600000
Junior Mwanga,6000000
Rabby Nzingoula,2500000
Pape Diong,800000
Habib Diarra,20000000
Samir El Mourabet,50000
Diego Moreira,18000000
Sebastian Nanasi,18000000
Félix Lemaréchal,10000000
Óscar Perea,2000000
Nordine Kandil,1000000
Rayane Messi,800000
Jérémy Sebas,700000
Dilane Bakwa,25000000
Abdoul Ouattara,1200000
Emmanuel Emegha,25000000
Milos Lukovic,5000000
Sékou Mara,5000000
Moïse Sahi Dion,1000000
Brice Samba,12000000
Doğan Alemdar,1500000
Gauthier Gallon,800000
Steve Mandanda,500000
Geoffrey Lembet,100000
Jérémy Jacquet,10000000
Alidu Seidu,9000000
Christopher Wooh,6000000
Mikayil Faye,6000000
Abdelhamid Ait Boudlal,500000
Adrien Truffert,15000000
Mahamadou Nagida,800000
Lorenz Assignon,9000000
Hans Hateboer,2500000
Azor Matusiwa,8000000
Baptiste Santamaria,7000000
Seko Fofana,10000000
Jordan James,8000000
Djaoui Cissé,8000000
Benjamin Bourigeaud,7000000
Glen Kamara,5000000
Jota,8000000
Kazeem Olaigbe,5000000
Ludovic Blas,18000000
Mousa Tamari,6000000
Andrés Gómez,4000000
Arnaud Kalimuendo,22000000
Kyogo Furuhashi,9000000
Kader Meïté,5000000
Henrik Meister,2800000
Alan Do Marcolino,100000
Wilson Samaké,100000
Marcin Bulka,20000000
Maxime Dupé,900000
Teddy Boulhendi,50000
Youssouf Ndayishimiye,12000000
Moïse Bombito,10000000
Mohamed Abdelmonem,4000000
Dante,500000
Amidou Doumbouya,200000
Melvin Bard,15000000
Ali Abdi,3000000
Yaël Nandjou,150000
Iliesse Salhi,50000
Jordan Lotomba,6500000
Jonathan Clauss,5000000
Antoine Mendy,2500000
Pablo Rosario,8000000
Hicham Boudaoui,15000000
Tanguy Ndombélé,7000000
Morgan Sanson,5000000
Daouda Traoré,250000
Issiaga Camara,200000
Tom Louchet,2500000
Rareș Ilie,1800000
Jérémie Boga,10000000
Sofiane Diop,10000000
Mohamed-Ali Cho,15000000
Badredine Bouanani,7000000
Billal Brahimi,1800000
Evann Guessand,25000000
Terem Moffi,15000000
Youssoufa Moukoko,10000000
Gaëtan Laborde,6000000
Victor Orakpo,400000
Farès Bousnina,150000
Bernard Nguene,100000
Hervé Koffi,1200000
Denis Petric,100000
Facundo Medina,25000000
Malang Sarr,5000000
Jonathan Gradit,4000000
Nidal Celik,1800000
Ismaëlo Ganiou,1000000
Kyllian Antonio,300000
Jhoanner Chávez,3500000
Deiver Machado,3000000
Massadio Haïdara,1500000
Przemyslaw Frankowski,7000000
Ruben Aguilar,3500000
Tom Pouilly,800000
Hamzat Ojediran,1800000
Nampalys Mendy,1800000
Andy Diouf,15000000
Neil El Aynaoui,15000000
David Da Costa,6000000
Angelo Fulgini,5000000
Adrien Thomasson,5000000
Anass Zaroury,8000000
Kembo Diliwidi,50000
Jeremy Agbonifo,5000000
M'Bala Nzola,6000000
Martín Satriano,5000000
Wesley Saïd,3000000
Goduine Koyalipou,2500000
Florian Sotoca,2000000
Rémy Labeau Lascary,2000000
Rayan Fofana,50000
Gabin Capuano,50000
Yehvann Diouf,12000000
Alexandre Olliero,200000
Ludovic Butelle,100000
Joseph Okumu,7000000
Cédric Kipré,3000000
Malcolm Jeng,2000000
Abdoul Koné,400000
Kobi Henry,100000
Sergio Akieme,7000000
Thibault De Smet,2500000
Nhoa Sangui,2500000
Aurélio Buta,5000000
Hiroki Sekine,1200000
Maxime Busi,1000000
Mory Gbane,4000000
Amadou Koné,4000000
Mohamed Bamba,3000000
Valentin Atangana,10000000
Yaya Fofana,4000000
Teddy Teuma,3000000
Martin Adeline,700000
Zabi,100000
Reda Khadra,2000000
Ange Martial Tia,300000
Keito Nakamura,8000000
Mohamed Daramy,4000000
Mamadou Diakhon,3000000
Ike Orazi,100000
Junya Ito,6000000
Oumar Diakité,6000000
Adama Bojang,1000000
Hafiz Umar Ibrahim,500000
Pape Sissoko,100000
Guillaume Restes,20000000
Kjetil Haug,600000
Álex Domínguez,300000
Charlie Cresswell,10000000
Mark McKenzie,6000000
Rasmus Nicolaisen,4500000
Jaydee Canvot,4000000
Ümit Akdağ,600000
Gabriel Suazo,4000000
Warren Kamanzi,2000000
Djibril Sidibé,1000000
Cristian Cásseres Jr.,6000000
Vincent Sierro,4000000
Niklas Schmidt,1800000
Miha Zajc,1500000
Rafik Messali,800000
Aron Dønnum,4000000
Naatan Skyttä,3000000
Denis Genreau,800000
Edhy Zuliani,50000
Mathis Saka,50000
Yann Gboho,8000000
Zakaria Aboukhlal,12000000
Shavy Babicka,2500000
Noah Edjouma,800000
Mamady Bangré,500000
Frank Magri,3000000
Joshua King,1800000
Alban Lafont,3000000
Patrik Carlgren,600000
Hugo Barbet,50000
Nathan Zézé,15000000
Jean-Charles Castelletto,3500000
Jean-Kévin Duverne,2500000
Nicolas Pallois,400000
Sékou Doucouré,50000
Kelvin Amian,2500000
Fabien Centonze,1800000
Marcus Coco,1200000
Johann Lepenant,6000000
Pedro Chirivella,5000000
Jean-Philippe Gbamin,2000000
Francis Coquelin,900000
Douglas Augusto,6000000
Dehmaine Tabibou,200000
Louis Leroux,4000000
Florent Mollet,1200000
Moses Simon,12000000
Herba Guirassy,1000000
Adel Mahamoud,50000
Sorba Thomas,3500000
Matthis Abline,18000000
Mostafa Mohamed,5000000
Meschack Elia,4000000
Tino Kadewere,2500000
Ignatius Ganago,2000000
Marco Bizot,3000000
Grégoire Coudert,500000
Brendan Chardonnet,6000000
Abdoulaye Ndiaye,4000000
Julien Le Cardinal,2000000
Achraf Dari,1500000
Bradley Locko,9000000
Jordan Amavi,1500000
Justin Bourgault,800000
Luck Zogbé,2500000
Kenny Lala,2000000
Pierre Lees-Melou,6000000
Jonas Martin,600000
Hamidou Makalou,300000
Mahdi Camara,9000000
Hugo Magnetti,6000000
Hianga'a Mbock,400000
Romain Faivre,6000000
Kamory Doumbia,4000000
Abdallah Sima,9000000
Ibrahim Salah,3000000
Mathias Pereira Lage,2500000
Axel Camblan,500000
Romain Del Castillo,7000000
Ludovic Ajorque,4000000
Jérémy Le Douaron,3000000
Saliou Diop,50000
Donovan Léon,1000000
Théo De Percin,300000
Tom Negrel,50000
Raphaël Adiceam,50000
Sinaly Diomandé,5000000
Clément Akpa,5000000
Gabriel Osho,3000000
Jubal,2500000
Théo Pellenard,700000
Saad Agouzoul,500000
Madiou Keita,150000
Victor Mayela,100000
Gideon Mensah,4000000
Fredrik Oppegård,600000
Ki-Jana Hoever,5000000
Paul Joly,1800000
Ange Loïc N'Gatta,100000
Elisha Owusu,3000000
Assane Dioussé,700000
Nathan Buayi-Kiala,100000
Kévin Danois,8000000
Han-Noah Massengo,5000000
Rayan Raveloson,2000000
Rudy Matondo,300000
Aristide Zossou,100000
Gaëtan Perrin,8000000
Lasso Coulibaly,1200000
Eros Maddy,150000
Lassine Sinayoko,4000000
Theo Bair,1800000
Ado Onaiwu,1500000
Florian Ayé,1200000
Gautier Larsonneur,3000000
Brice Maubleu,200000
Boubacar Fall,50000
Mickaël Nadé,2000000
Maxime Bernauer,2000000
Dylan Batubinsika,1200000
Yunis Abdelhamid,400000
Anthony Briançon,400000
Beres Owusu,350000
Kévin Pedro,50000
Léo Pétrot,900000
Pierre Cornud,800000
Yvann Maçon,1800000
Dennis Appiah,800000
Marwann Nzuzi,200000
Pierre Ekwah,7000000
Lamine Fomba,600000
Benjamin Bouchouari,5000000
Aïmen Moueffek,2500000
Louis Mouton,700000
Florian Tardieu,600000
Igor Miladinovic,1000000
Cheikh Fall,50000
Zuriko Davitashvili,10000000
Ben Old,700000
Mathieu Cafaro,2500000
Augustine Boakye,2500000
Ayman Aiki,400000
Lucas Stassin,18000000
Ibrahim Sissoko,1800000
Djylian N'Guessan,800000
Ibrahima Wadji,700000
Jibril Othman,100000
Arthur Desmas,1200000
Mathieu Gorgelin,300000
Arouna Sangante,8000000
Étienne Youté Kinkoué,7000000
Gautier Lloris,3000000
Yoann Salmier,800000
Christopher Operi,3800000
Fodé Ballo-Touré,1200000
Yanis Zouaoui,800000
Timothée Pembélé,2500000
Loïc Nego,700000
Oualid El Hajjam,300000
Oussama Targhalline,4000000
Abdoulaye Touré,3000000
Rassoul Ndiaye,2000000
Aloïs Confais,150000
Mathéo Bodmer,50000
Yassine Kechta,5000000
Daler Kuzyaev,3500000
Ismaïl Bouneb,50000
Antoine Joujou,2000000
Issa Soumaré,2000000
Kandet Diawara,400000
Josué Casimir,4000000
Emmanuel Sabbi,1500000
Samuel Grandsir,800000
Ilyes Housni,1500000
Steve Ngoura,800000
Ahmed Hassan,800000
André Ayew,600000
Yann Kitala,400000
Elysée Logbo,400000
Benjamin Lecomte,1500000
Dimitry Bertaud,1000000
Belmin Dizdarevic,100000
Becir Omeragic,4500000
Kiki Kouyaté,3000000
Modibo Sagnan,3000000
Christopher Jullien,1000000
Yaël Mouanga,600000
Nikola Maksimović,300000
Issiaga Sylla,1500000
Lucas Mincarelli,900000
Théo Sainte-Luce,800000
Enzo Tchato,2500000
Falaye Sacko,1500000
Wilfried Ndollo Bille,200000
Joris Chotard,6000000
Birama Touré,800000
Gabriel Barès,300000
Khalil Fayad,3000000
Jordan Ferri,2000000
Stefan Dzodic,200000
Téji Savanier,2500000
Nicolas Pays,700000
Théo Chennahi,150000
Simon Cara,50000
Tanguy Coulibaly,1500000
Wahbi Khazri,1000000
Othmane Maamma,600000
Axel Guéguin,300000
Andy Delort,1500000
Yanis Issoufou,200000
Junior Ndiaye,150000
Yahia Fofana,7000000
Melvin Zinga,300000
Emmanuel Biumla,4000000
Jordan Lefort,1500000
Cédric Hountondji,1200000
Ousmane Camara,400000
Abdoulaye Bamba,300000
Jacques Ekomié,800000
Florent Hanin,300000
Carlens Arcus,1800000
Lilian Raolisoa,800000
Halid Sabanovic,150000
Jean-Eudes Aholou,2000000
Zinédine Ould Khaled,400000
Marius Courcoul,300000
Enzo Caumont,50000
Haris Belkebla,2000000
Yassin Belkhdim,1000000
Joseph Lopy,300000
Pierrick Capelle,200000
Himad Abdelli,7000000
Farid El Melali,3500000
Jim Allevinah,1500000
Zinedine Ferhat,1000000
Justin Kalumba,400000
Estéban Lepaul,7000000
Bamba Dieng,3000000
Loïs Diony,1200000
Ibrahima Niane,1000000
Sidiki Chérif,800000
Adrien Hunou,400000
Prosper Peter,50000